district_id;district_name;qty;area;lat;long
1;AGUA RASA;2;Mooca;-23.564792;-46.589181
6;BARRA FUNDA;2;Perdizes;-23.53198203;-46.66406112
6;BARRA FUNDA;3;Perdizes;-23.53280004;-46.664244
6;BARRA FUNDA;3;Perdizes;-23.53287303;-46.664748
6;BARRA FUNDA;2;Perdizes;-23.53381101;-46.66503312
6;BARRA FUNDA;2;Perdizes;-23.53347;-46.66615884
6;BARRA FUNDA;2;Perdizes;-23.53267296;-46.66994388
6;BARRA FUNDA;2;Perdizes;-23.53217697;-46.67246604
6;BARRA FUNDA;1;Perdizes;-23.532108;-46.66415
6;BARRA FUNDA;1;Perdizes;-23.533415;-46.66605
6;BARRA FUNDA;1;Perdizes;-23.532725;-46.669598
6;BARRA FUNDA;1;Perdizes;-23.530918;-46.674774
6;BARRA FUNDA;1;Perdizes;-23.527894;-46.675805
6;BARRA FUNDA;1;Perdizes;-23.526213;-46.676762
7;BELA VISTA;1;Angelica;-23.55686001;-46.65695004
7;BELA VISTA;1;Angelica;-23.55866901;-46.65580884
7;BELA VISTA;2;Angelica;-23.55768999;-46.65442104
7;BELA VISTA;1;Angelica;-23.56164396;-46.65582396
7;BELA VISTA;1;Angelica;-23.56038396;-46.65358692
7;BELA VISTA;1;Angelica;-23.56175097;-46.65433284
7;BELA VISTA;1;Angelica;-23.56193799;-46.65411396
7;BELA VISTA;1;Angelica;-23.56037001;-46.65219912
7;BELA VISTA;2;Angelica;-23.55673203;-46.65682188
7;BELA VISTA;2;Angelica;-23.55840999;-46.65569184
7;BELA VISTA;2;Angelica;-23.56130799;-46.65363192
7;BELA VISTA;2;Angelica;-23.56050798;-46.65237408
7;BELA VISTA;2;Angelica;-23.56217298;-46.654362
7;BELA VISTA;2;Angelica;-23.56084899;-46.65622212
7;BELA VISTA;2;Angelica;-23.56166196;-46.65444804
7;BELA VISTA;2;Angelica;-23.56479603;-46.65194388
7;BELA VISTA;1;Angélica;-23.55686001;-46.65695004
7;BELA VISTA;1;Angélica;-23.55866901;-46.65580884
7;BELA VISTA;2;Angélica;-23.55768999;-46.65442104
7;BELA VISTA;1;Angélica;-23.56164396;-46.65582396
7;BELA VISTA;1;Angélica;-23.56038396;-46.65358692
7;BELA VISTA;1;Angélica;-23.56175097;-46.65433284
7;BELA VISTA;1;Angélica;-23.56193799;-46.65411396
7;BELA VISTA;1;Angélica;-23.56037001;-46.65219912
7;BELA VISTA;2;Angélica;-23.55673203;-46.65682188
7;BELA VISTA;2;Angélica;-23.55840999;-46.65569184
7;BELA VISTA;2;Angélica;-23.56130799;-46.65363192
7;BELA VISTA;2;Angélica;-23.56050798;-46.65237408
7;BELA VISTA;2;Angélica;-23.56217298;-46.654362
7;BELA VISTA;2;Angélica;-23.56084899;-46.65622212
7;BELA VISTA;2;Angélica;-23.56166196;-46.65444804
7;BELA VISTA;2;Angélica;-23.56479603;-46.65194388
7;BELA VISTA;1;Paraiso;-23.562585;-46.64149416
7;BELA VISTA;1;Paraiso;-23.56241103;-46.64206512
7;BELA VISTA;1;Paraiso;-23.56619004;-46.64460888
7;BELA VISTA;2;Paraiso;-23.56738299;-46.64235708
7;BELA VISTA;1;Paraiso;-23.56805304;-46.64234196
7;BELA VISTA;1;Paraiso;-23.56820001;-46.64336616
7;BELA VISTA;1;Paraiso;-23.56841997;-46.64377512
7;BELA VISTA;1;Paraiso;-23.57098704;-46.64188908
7;BELA VISTA;1;Paraiso;-23.56190199;-46.64406996
7;BELA VISTA;2;Paraiso;-23.56227702;-46.64261988
7;BELA VISTA;2;Paraiso;-23.56187499;-46.64419884
7;BELA VISTA;2;Paraiso;-23.56414803;-46.64217708
7;BELA VISTA;2;Paraiso;-23.56574796;-46.64159712
7;BELA VISTA;2;Paraiso;-23.56759701;-46.64235708
7;BELA VISTA;2;Paraiso;-23.56783803;-46.64237184
7;BELA VISTA;2;Paraiso;-23.56581402;-46.64431584
7;BELA VISTA;2;Paraiso;-23.56791804;-46.64395116
7;BELA VISTA;2;Paraiso;-23.56834599;-46.64368188
7;BELA VISTA;2;Paraiso;-23.56965999;-46.64373192
7;BELA VISTA;2;Paraiso;-23.57081298;-46.64194812
7;BELA VISTA;2;Paraiso;-23.56797798;-46.64326392
7;BELA VISTA;2;Angelica;-23.56153902;-46.654335
7;BELA VISTA;2;Paraiso;-23.56752;-46.643124
7;BELA VISTA;1;Paraiso;-23.567224;-46.643091
8;BELEM;1;Bras;-23.53774896;-46.60724484
8;BELEM;1;Bras;-23.53638996;-46.60727112
8;BELEM;2;Bras;-23.53774104;-46.60742484
8;BELEM;2;Bras;-23.53589298;-46.60955316
8;BELEM;2;Bras;-23.53367196;-46.61224308
8;BELEM;2;Bras;-23.53536396;-46.610316
8;BELEM;2;Bras;-23.53605003;-46.607373
8;BELEM;1;SilvaTeles;-23.534019;-46.609695
8;BELEM;2;SilvaTeles;-23.53390497;-46.61034696
8;BELEM;1;Belem;-23.53827204;-46.59771384
8;BELEM;1;Belem;-23.53955598;-46.59578892
8;BELEM;1;Belem;-23.54024097;-46.59710004
8;BELEM;1;Belem;-23.54176899;-46.59351912
8;BELEM;1;Belem;-23.54172804;-46.59144408
8;BELEM;1;Belem;-23.54233104;-46.59087384
8;BELEM;1;Belem;-23.54123304;-46.58980716
8;BELEM;2;Belem;-23.53678398;-46.58950008
8;BELEM;2;Belem;-23.539464;-46.59563808
8;BELEM;2;Belem;-23.54014701;-46.59689484
8;BELEM;2;Belem;-23.54092497;-46.59464484
8;BELEM;2;Belem;-23.54017401;-46.59398712
8;BELEM;2;Belem;-23.54203701;-46.593432
8;BELEM;2;Belem;-23.541903;-46.59134184
8;BELEM;2;Belem;-23.54159403;-46.58969016
8;BELEM;2;Belem;-23.53689198;-46.58881284
8;BELEM;2;Belem;-23.537025;-46.58948604
9;BOM RETIRO;1;Prates;-23.52548196;-46.63141992
9;BOM RETIRO;1;Prates;-23.524812;-46.63465092
9;BOM RETIRO;1;Prates;-23.52588399;-46.634607
9;BOM RETIRO;1;Prates;-23.52981096;-46.63399284
9;BOM RETIRO;1;Prates;-23.52975804;-46.63429992
9;BOM RETIRO;1;Prates;-23.52857796;-46.63546884
9;BOM RETIRO;1;Prates;-23.52910104;-46.63698912
9;BOM RETIRO;1;Prates;-23.52936897;-46.63709208
9;BOM RETIRO;1;Prates;-23.53076298;-46.63786608
9;BOM RETIRO;1;Prates;-23.52947598;-46.63845108
9;BOM RETIRO;1;Prates;-23.52904704;-46.63880208
9;BOM RETIRO;1;Prates;-23.52623202;-46.63932192
9;BOM RETIRO;1;Prates;-23.525388;-46.63934208
9;BOM RETIRO;1;Prates;-23.53059801;-46.63848888
9;BOM RETIRO;1;Prates;-23.53131198;-46.638729
9;BOM RETIRO;1;Prates;-23.53228398;-46.63867608
9;BOM RETIRO;1;Prates;-23.53249098;-46.63840788
9;BOM RETIRO;1;Prates;-23.53372398;-46.63763316
9;BOM RETIRO;1;Prates;-23.53429998;-46.63541088
9;BOM RETIRO;1;Prates;-23.53498398;-46.63428516
9;BOM RETIRO;1;Prates;-23.53188303;-46.636902
9;BOM RETIRO;2;Prates;-23.525073;-46.63178604
9;BOM RETIRO;2;Prates;-23.52584997;-46.63468008
9;BOM RETIRO;2;Prates;-23.52647997;-46.63293984
9;BOM RETIRO;2;Prates;-23.52717702;-46.63203408
9;BOM RETIRO;2;Prates;-23.52824901;-46.63389096
9;BOM RETIRO;2;Prates;-23.52898701;-46.63412388
9;BOM RETIRO;2;Prates;-23.52967002;-46.63394892
9;BOM RETIRO;2;Prates;-23.52956301;-46.63485504
9;BOM RETIRO;2;Prates;-23.52983103;-46.63548396
9;BOM RETIRO;2;Prates;-23.52823596;-46.63652184
9;BOM RETIRO;2;Prates;-23.52898701;-46.63687212
9;BOM RETIRO;2;Prates;-23.52933504;-46.63751508
9;BOM RETIRO;2;Prates;-23.53115799;-46.63676988
9;BOM RETIRO;2;Prates;-23.53077198;-46.63843596
9;BOM RETIRO;2;Prates;-23.531184;-46.63862604
9;BOM RETIRO;2;Prates;-23.52933504;-46.63846584
9;BOM RETIRO;2;Prates;-23.52887901;-46.63881612
9;BOM RETIRO;2;Prates;-23.52846402;-46.63811484
9;BOM RETIRO;2;Prates;-23.526306;-46.63962
9;BOM RETIRO;2;Prates;-23.52571596;-46.63956204
9;BOM RETIRO;2;Prates;-23.53214997;-46.637019
9;BOM RETIRO;2;Prates;-23.53409298;-46.636317
9;BOM RETIRO;2;Prates;-23.53428;-46.63557108
9;BOM RETIRO;2;Prates;-23.53196997;-46.63869192
9;BOM RETIRO;2;Prates;-23.52340602;-46.63161792
9;BOM RETIRO;1;JosePaulino;-23.52364101;-46.64070792
9;BOM RETIRO;1;JosePaulino;-23.52389796;-46.64058804
9;BOM RETIRO;1;JosePaulino;-23.52604401;-46.64163816
9;BOM RETIRO;1;JosePaulino;-23.52605202;-46.641285
9;BOM RETIRO;1;JosePaulino;-23.52669102;-46.640331
9;BOM RETIRO;1;JosePaulino;-23.52654396;-46.640043
9;BOM RETIRO;1;JosePaulino;-23.52699999;-46.64108484
9;BOM RETIRO;1;JosePaulino;-23.52722796;-46.63964988
9;BOM RETIRO;1;JosePaulino;-23.52802896;-46.639233
9;BOM RETIRO;1;JosePaulino;-23.52744801;-46.64126088
9;BOM RETIRO;1;JosePaulino;-23.52782304;-46.64232684
9;BOM RETIRO;1;JosePaulino;-23.52805101;-46.64174184
9;BOM RETIRO;1;JosePaulino;-23.52943197;-46.640034
9;BOM RETIRO;1;JosePaulino;-23.53063797;-46.63948896
9;BOM RETIRO;1;JosePaulino;-23.53168899;-46.63884816
9;BOM RETIRO;1;JosePaulino;-23.53098402;-46.64000988
9;BOM RETIRO;1;JosePaulino;-23.52544902;-46.64062692
9;BOM RETIRO;1;JosePaulino;-23.52451599;-46.64114892
9;BOM RETIRO;2;JosePaulino;-23.52402297;-46.64144484
9;BOM RETIRO;3;JosePaulino;-23.52397896;-46.64076408
9;BOM RETIRO;2;JosePaulino;-23.52528;-46.64328084
9;BOM RETIRO;2;JosePaulino;-23.526522;-46.64290392
9;BOM RETIRO;2;JosePaulino;-23.526441;-46.64254392
9;BOM RETIRO;2;JosePaulino;-23.52615399;-46.64189412
9;BOM RETIRO;2;JosePaulino;-23.52602196;-46.64117304
9;BOM RETIRO;3;JosePaulino;-23.52675699;-46.64045916
9;BOM RETIRO;2;JosePaulino;-23.52676401;-46.64120508
9;BOM RETIRO;2;JosePaulino;-23.52713904;-46.63970496
9;BOM RETIRO;2;JosePaulino;-23.52813903;-46.63916784
9;BOM RETIRO;3;JosePaulino;-23.52745503;-46.64078784
9;BOM RETIRO;2;JosePaulino;-23.52752802;-46.64134908
9;BOM RETIRO;2;JosePaulino;-23.52766896;-46.64226312
9;BOM RETIRO;2;JosePaulino;-23.52789603;-46.64242296
9;BOM RETIRO;2;JosePaulino;-23.52826404;-46.64305584
9;BOM RETIRO;2;JosePaulino;-23.52860901;-46.64284812
9;BOM RETIRO;2;JosePaulino;-23.52818304;-46.64165292
9;BOM RETIRO;2;JosePaulino;-23.52993201;-46.63939284
9;BOM RETIRO;2;JosePaulino;-23.53070403;-46.63958508
9;BOM RETIRO;3;JosePaulino;-23.53084398;-46.63926504
9;BOM RETIRO;2;JosePaulino;-23.53112298;-46.63994616
9;BOM RETIRO;2;JosePaulino;-23.53178502;-46.63899216
9;BOM RETIRO;2;JosePaulino;-23.52887496;-46.64039292
9;BOM RETIRO;1;FlorencioAbreu;-23.53468401;-46.63274688
9;BOM RETIRO;1;FlorencioAbreu;-23.53416498;-46.63156788
9;BOM RETIRO;3;FlorencioAbreu;-23.53470102;-46.63253304
9;BOM RETIRO;2;FlorencioAbreu;-23.53451301;-46.63153008
9;BOM RETIRO;2;FlorencioAbreu;-23.53475097;-46.63017504
9;BOM RETIRO;2;FlorencioAbreu;-23.53516002;-46.62956196
10;BRAS;1;Bras;-23.54331798;-46.61521488
10;BRAS;1;Bras;-23.54337999;-46.61484588
10;BRAS;1;Bras;-23.54334903;-46.61395416
10;BRAS;1;Bras;-23.543514;-46.61372988
10;BRAS;2;Bras;-23.54399397;-46.61608212
10;BRAS;2;Bras;-23.54415201;-46.61557596
10;BRAS;2;Bras;-23.54356197;-46.61512092
10;BRAS;2;Bras;-23.54391603;-46.61488908
10;BRAS;2;Bras;-23.54345199;-46.61475192
10;BRAS;2;Bras;-23.54363199;-46.61383392
10;BRAS;1;Gasometro;-23.54292396;-46.62183816
10;BRAS;1;Gasometro;-23.54410404;-46.62024804
10;BRAS;1;Gasometro;-23.54573997;-46.62211104
10;BRAS;1;Gasometro;-23.54649003;-46.62611712
10;BRAS;1;Gasometro;-23.546286;-46.626201
10;BRAS;2;Gasometro;-23.54423301;-46.62208116
10;BRAS;1;Gasometro;-23.543676;-46.62189612
10;BRAS;2;Gasometro;-23.54351103;-46.62474588
10;BRAS;2;Gasometro;-23.54323896;-46.62356508
10;BRAS;2;Gasometro;-23.54299398;-46.62174708
10;BRAS;2;Gasometro;-23.54461497;-46.62247284
10;BRAS;2;Gasometro;-23.54562297;-46.622169
10;BRAS;2;Gasometro;-23.54620698;-46.62606708
10;BRAS;2;Gasometro;-23.54646096;-46.62596916
10;BRAS;2;Gasometro;-23.54774598;-46.62298692
10;BRAS;1;Gasometro;-23.54401197;-46.62213696
10;BRAS;2;Gasometro;-23.54429304;-46.62150516
10;BRAS;2;Gasometro;-23.54353596;-46.621962
10;BRAS;2;Gasometro;-23.54369796;-46.61977392
10;BRAS;1;Bras;-23.54183901;-46.61454492
10;BRAS;1;Bras;-23.542083;-46.61334396
10;BRAS;1;Bras;-23.54219298;-46.61294112
10;BRAS;1;Bras;-23.54084001;-46.61290692
10;BRAS;1;Bras;-23.540211;-46.61503488
10;BRAS;1;Bras;-23.54018697;-46.613817
10;BRAS;1;Bras;-23.54020299;-46.61249616
10;BRAS;1;Bras;-23.53881897;-46.61384184
10;BRAS;1;Bras;-23.53780404;-46.613817
10;BRAS;1;Bras;-23.53831596;-46.61304516
10;BRAS;1;Bras;-23.53882698;-46.61153496
10;BRAS;1;Bras;-23.53956597;-46.61060796
10;BRAS;1;Bras;-23.538339;-46.60991316
10;BRAS;1;Bras;-23.53856697;-46.60953588
10;BRAS;1;Bras;-23.53715901;-46.61410896
10;BRAS;1;Bras;-23.53598001;-46.61426304
10;BRAS;1;Bras;-23.53669497;-46.61349912
10;BRAS;1;Bras;-23.53542102;-46.61355888
10;BRAS;1;Bras;-23.53539699;-46.61343108
10;BRAS;1;Bras;-23.53556304;-46.61259012
10;BRAS;1;Bras;-23.53666401;-46.61096904
10;BRAS;1;Bras;-23.53716702;-46.61104608
10;BRAS;1;Bras;-23.53382496;-46.61269308
10;BRAS;1;Bras;-23.53454001;-46.61186904
10;BRAS;1;Bras;-23.53589298;-46.612881
10;BRAS;1;Bras;-23.54061996;-46.607751
10;BRAS;1;Bras;-23.53656699;-46.61292204
10;BRAS;1;Bras;-23.53575501;-46.61294616
10;BRAS;2;Bras;-23.54215401;-46.61282988
10;BRAS;2;Bras;-23.54150898;-46.613808
10;BRAS;2;Bras;-23.54094999;-46.61287308
10;BRAS;2;Bras;-23.53892103;-46.61377416
10;BRAS;2;Bras;-23.53955004;-46.61352504
10;BRAS;2;Bras;-23.540148;-46.61264988
10;BRAS;2;Bras;-23.53930704;-46.61186112
10;BRAS;2;Bras;-23.53790601;-46.61373996
10;BRAS;2;Bras;-23.538276;-46.61341416
10;BRAS;2;Bras;-23.53843296;-46.61295912
10;BRAS;2;Bras;-23.53877901;-46.61140608
10;BRAS;2;Bras;-23.53896801;-46.61102808
10;BRAS;2;Bras;-23.53942503;-46.61071992
10;BRAS;2;Bras;-23.53895703;-46.61049996
10;BRAS;2;Bras;-23.53856697;-46.609407
10;BRAS;2;Bras;-23.53751298;-46.60872012
10;BRAS;2;Bras;-23.536782;-46.613619
10;BRAS;2;Bras;-23.53612896;-46.61445204
10;BRAS;2;Bras;-23.53604202;-46.61372196
10;BRAS;2;Bras;-23.53558599;-46.61361108
10;BRAS;2;Bras;-23.53519296;-46.61327592
10;BRAS;2;Bras;-23.53599504;-46.61301888
10;BRAS;2;Bras;-23.53541301;-46.61253
10;BRAS;2;Bras;-23.53391901;-46.61282988
10;BRAS;2;Bras;-23.53463397;-46.611972
10;BRAS;2;Bras;-23.53575096;-46.61041896
10;BRAS;2;Bras;-23.53597902;-46.61015292
10;BRAS;2;Bras;-23.53673403;-46.610676
10;BRAS;2;Bras;-23.53681296;-46.61138916
10;BRAS;2;Bras;-23.53601898;-46.611963
10;BRAS;2;Bras;-23.54062797;-46.607922
10;BRAS;2;Bras;-23.54162697;-46.60750188
10;BRAS;2;Bras;-23.53698603;-46.61130312
10;BRAS;1;Oriente;-23.535999;-46.61912412
10;BRAS;1;Oriente;-23.53670901;-46.62071784
10;BRAS;1;Oriente;-23.53666896;-46.61913888
10;BRAS;1;Oriente;-23.53731201;-46.619154
10;BRAS;1;Oriente;-23.53772799;-46.618101
10;BRAS;1;Oriente;-23.53766103;-46.61785296
10;BRAS;1;Oriente;-23.53761999;-46.61642016
10;BRAS;1;Oriente;-23.53758003;-46.61516304
10;BRAS;1;Oriente;-23.537889;-46.61497296
10;BRAS;1;Oriente;-23.53850496;-46.61525088
10;BRAS;1;Oriente;-23.53908096;-46.61560116
10;BRAS;1;Oriente;-23.53900104;-46.61539704
10;BRAS;1;Oriente;-23.53959099;-46.61495784
10;BRAS;1;Oriente;-23.53995198;-46.61525088
10;BRAS;1;Oriente;-23.53941603;-46.61617212
10;BRAS;1;Oriente;-23.54042196;-46.618218
10;BRAS;1;Oriente;-23.54136597;-46.61787384
10;BRAS;1;Oriente;-23.53934898;-46.61924112
10;BRAS;1;Oriente;-23.53873302;-46.61891892
10;BRAS;2;Oriente;-23.53868901;-46.62200412
10;BRAS;2;Oriente;-23.53783203;-46.62068796
10;BRAS;2;Oriente;-23.53646799;-46.62067392
10;BRAS;2;Oriente;-23.53578498;-46.62023508
10;BRAS;2;Oriente;-23.53598604;-46.61932896
10;BRAS;2;Oriente;-23.53641498;-46.61913888
10;BRAS;2;Oriente;-23.53708503;-46.619154
10;BRAS;2;Oriente;-23.53704399;-46.61886096
10;BRAS;2;Oriente;-23.53685697;-46.61783784
10;BRAS;2;Oriente;-23.53750002;-46.617795
10;BRAS;2;Oriente;-23.53775499;-46.61823204
10;BRAS;2;Oriente;-23.53806297;-46.61872992
10;BRAS;2;Oriente;-23.53858497;-46.61889012
10;BRAS;2;Oriente;-23.53960404;-46.61954784
10;BRAS;2;Oriente;-23.540274;-46.61938692
10;BRAS;2;Oriente;-23.54139999;-46.61820288
10;BRAS;2;Oriente;-23.53985901;-46.61666892
10;BRAS;2;Oriente;-23.53956399;-46.61631792
10;BRAS;2;Oriente;-23.54046201;-46.61574804
10;BRAS;2;Oriente;-23.53917501;-46.61567496
10;BRAS;2;Oriente;-23.53873302;-46.61625888
10;BRAS;2;Oriente;-23.53824999;-46.61523612
10;BRAS;2;Oriente;-23.53790196;-46.61511912
10;BRAS;2;Oriente;-23.53799601;-46.614447
10;BRAS;2;Oriente;-23.53758003;-46.61555796
10;BRAS;2;Oriente;-23.53764699;-46.61660988
10;BRAS;2;Oriente;-23.53798197;-46.61637588
10;BRAS;2;Oriente;-23.53802301;-46.61736984
10;BRAS;2;Oriente;-23.53710501;-46.62023508
10;BRAS;1;SilvaTeles;-23.53595103;-46.61632008
10;BRAS;1;SilvaTeles;-23.53761198;-46.61521596
10;BRAS;1;SilvaTeles;-23.53596399;-46.61428104
10;BRAS;1;SilvaTeles;-23.533074;-46.61338896
10;BRAS;2;SilvaTeles;-23.53323501;-46.61359092
10;BRAS;2;SilvaTeles;-23.53428;-46.61323992
10;BRAS;2;SilvaTeles;-23.53564701;-46.61407296
10;BRAS;2;SilvaTeles;-23.53733496;-46.61521308
10;BRAS;2;SilvaTeles;-23.53585896;-46.61620416
10;BRAS;1;VinteCincoMarco;-23.54166198;-46.62751896
10;BRAS;1;VinteCincoMarco;-23.54111199;-46.62669816
10;BRAS;1;VinteCincoMarco;-23.541642;-46.62673992
10;BRAS;2;VinteCincoMarco;-23.54197104;-46.62699804
13;CACHOEIRINHA;1;Cachoeirinha;-23.47324101;-46.66705992
13;CACHOEIRINHA;2;Cachoeirinha;-23.47328304;-46.66690692
13;CACHOEIRINHA;2;Cachoeirinha;-23.47318899;-46.665585
13;CACHOEIRINHA;2;Cachoeirinha;-23.473189;-46.665585
14;CAMBUCI;1;CambuciI;-23.56557201;-46.62114912
14;CAMBUCI;1;CambuciI;-23.56597404;-46.62154404
14;CAMBUCI;1;CambuciI;-23.56673796;-46.62140508
14;CAMBUCI;2;CambuciI;-23.56559496;-46.62102492
14;CAMBUCI;2;CambuciI;-23.56500303;-46.622619
14;CAMBUCI;2;CambuciI;-23.57004096;-46.62240696
14;CAMBUCI;2;CambuciI;-23.56452999;-46.62143496
14;CAMBUCI;1;CambuciII;-23.578092;-46.62278208
14;CAMBUCI;1;CambuciII;-23.57500104;-46.62341496
14;CAMBUCI;1;CambuciII;-23.57367804;-46.622835
14;CAMBUCI;2;CambuciII;-23.57518698;-46.62398808
14;CAMBUCI;2;CambuciII;-23.57483202;-46.62341496
14;CAMBUCI;2;CambuciII;-23.57342802;-46.62278208
14;CAMBUCI;2;CambuciII;-23.57330796;-46.62240192
14;CAMBUCI;2;CambuciII;-23.578092;-46.62301104
15;CAMPO BELO;6;Aeroporto;-23.62148703;-46.66178592
15;CAMPO BELO;1;Brooklin;-23.62208904;-46.68303204
15;CAMPO BELO;1;Brooklin;-23.62330098;-46.68374808
15;CAMPO BELO;1;Brooklin;-23.62330098;-46.68436188
15;CAMPO BELO;1;Brooklin;-23.62371696;-46.68265908
15;CAMPO BELO;1;Brooklin;-23.625324;-46.68417216
15;CAMPO BELO;2;Brooklin;-23.62230297;-46.68280488
15;CAMPO BELO;2;Brooklin;-23.62277898;-46.68313392
15;CAMPO BELO;2;Brooklin;-23.62381497;-46.683711
15;CAMPO BELO;2;Brooklin;-23.62494897;-46.68383592
26;CONSOLACAO;1;Republica;-23.54432697;-46.65206088
26;CONSOLACAO;1;Republica;-23.54509197;-46.65189888
26;CONSOLACAO;1;Republica;-23.54614101;-46.651509
26;CONSOLACAO;1;Republica;-23.54601798;-46.65014892
26;CONSOLACAO;1;Republica;-23.54515398;-46.65010896
26;CONSOLACAO;1;Republica;-23.54568399;-46.64915316
26;CONSOLACAO;1;Republica;-23.54445;-46.64873484
26;CONSOLACAO;1;Republica;-23.54286996;-46.64868192
26;CONSOLACAO;1;Republica;-23.54480199;-46.64914884
26;CONSOLACAO;2;Republica;-23.54286996;-46.64853288
26;CONSOLACAO;2;Republica;-23.543919;-46.64872116
26;CONSOLACAO;2;Republica;-23.54426496;-46.64876184
26;CONSOLACAO;2;Republica;-23.54445;-46.64944908
26;CONSOLACAO;2;Republica;-23.54398002;-46.65044304
26;CONSOLACAO;2;Republica;-23.54422797;-46.65226284
26;CONSOLACAO;2;Republica;-23.54512896;-46.649934
26;CONSOLACAO;2;Republica;-23.54599296;-46.651671
26;CONSOLACAO;2;Republica;-23.54626503;-46.65066084
26;CONSOLACAO;2;Republica;-23.54653602;-46.65014892
26;CONSOLACAO;2;Republica;-23.54718996;-46.64949012
26;CONSOLACAO;2;Republica;-23.54652396;-46.64880288
26;CONSOLACAO;3;Republica;-23.54598099;-46.64878884
26;CONSOLACAO;2;Republica;-23.54509098;-46.65146904
26;CONSOLACAO;1;SantaCecilia;-23.54184801;-46.64913192
26;CONSOLACAO;1;SantaCecilia;-23.54167701;-46.65558492
26;CONSOLACAO;1;SantaCecilia;-23.54242896;-46.65435516
26;CONSOLACAO;1;SantaCecilia;-23.54278302;-46.65606984
26;CONSOLACAO;1;SantaCecilia;-23.54410503;-46.65478896
26;CONSOLACAO;1;SantaCecilia;-23.544504;-46.65735108
26;CONSOLACAO;2;SantaCecilia;-23.54188203;-46.64936916
26;CONSOLACAO;2;SantaCecilia;-23.54203098;-46.65434184
26;CONSOLACAO;2;SantaCecilia;-23.54345496;-46.65350916
26;CONSOLACAO;2;SantaCecilia;-23.54199597;-46.65967596
26;CONSOLACAO;2;SantaCecilia;-23.54363802;-46.65704004
26;CONSOLACAO;2;SantaCecilia;-23.54355801;-46.65849408
26;CONSOLACAO;2;SantaCecilia;-23.54412798;-46.65838284
26;CONSOLACAO;21;CharlesMiller;-23.547105;-46.66557312
26;CONSOLACAO;6;CharlesMiller;-23.54486697;-46.664856
26;CONSOLACAO;10;CharlesMiller;-23.54646798;-46.66595292
26;CONSOLACAO;10;CharlesMiller;-23.54703102;-46.66470984
26;CONSOLACAO;1;Angelica;-23.55720804;-46.658952
26;CONSOLACAO;1;Angelica;-23.55617601;-46.659537
26;CONSOLACAO;1;Angelica;-23.55582798;-46.657476
26;CONSOLACAO;1;Angelica;-23.55547896;-46.65784212
26;CONSOLACAO;1;Angelica;-23.55424596;-46.65803184
26;CONSOLACAO;1;Angelica;-23.55431301;-46.65757896
26;CONSOLACAO;1;Angelica;-23.55421896;-46.66399596
26;CONSOLACAO;1;Angelica;-23.55310701;-46.661994
26;CONSOLACAO;1;Angelica;-23.55463503;-46.662939
26;CONSOLACAO;1;Angelica;-23.55084198;-46.65633588
26;CONSOLACAO;1;Angelica;-23.54951601;-46.65825108
26;CONSOLACAO;1;Angelica;-23.54940396;-46.65759912
26;CONSOLACAO;1;Angelica;-23.54839002;-46.657008
26;CONSOLACAO;1;Angelica;-23.54899797;-46.654092
26;CONSOLACAO;1;Angelica;-23.54785398;-46.65844116
26;CONSOLACAO;1;Angelica;-23.54747904;-46.65827988
26;CONSOLACAO;2;Angelica;-23.54651298;-46.65754584
26;CONSOLACAO;2;Angelica;-23.54529204;-46.65381588
26;CONSOLACAO;2;Angelica;-23.54545404;-46.65245904
26;CONSOLACAO;2;Angelica;-23.54591304;-46.65403296
26;CONSOLACAO;2;Angelica;-23.546556;-46.65344616
26;CONSOLACAO;2;Angelica;-23.546556;-46.65444696
26;CONSOLACAO;2;Angelica;-23.54703399;-46.65467988
26;CONSOLACAO;2;Angelica;-23.54756904;-46.65491784
26;CONSOLACAO;2;Angelica;-23.54710698;-46.65695112
26;CONSOLACAO;2;Angelica;-23.54778801;-46.65762288
26;CONSOLACAO;2;Angelica;-23.54710698;-46.66016988
26;CONSOLACAO;2;Angelica;-23.54923404;-46.65753108
26;CONSOLACAO;2;Angelica;-23.54911299;-46.65689388
26;CONSOLACAO;2;Angelica;-23.54861403;-46.65646512
26;CONSOLACAO;3;Angelica;-23.54866704;-46.65429
26;CONSOLACAO;2;Angelica;-23.54997798;-46.65840984
26;CONSOLACAO;2;Angelica;-23.55291603;-46.66224384
26;CONSOLACAO;2;Angelica;-23.55386004;-46.66271616
26;CONSOLACAO;2;Angelica;-23.55518403;-46.65813804
26;CONSOLACAO;2;Angelica;-23.55597099;-46.65726612
26;CONSOLACAO;1;Angelica;-23.55745302;-46.65861108
26;CONSOLACAO;2;Angelica;-23.55095997;-46.65652704
26;CONSOLACAO;2;Angelica;-23.545859;-46.659067
26;CONSOLACAO;2;Angelica;-23.545157;-46.660877
26;CONSOLACAO;1;Angélica;-23.55720804;-46.658952
26;CONSOLACAO;1;Angélica;-23.55617601;-46.659537
26;CONSOLACAO;1;Angélica;-23.55582798;-46.657476
26;CONSOLACAO;1;Angélica;-23.55547896;-46.65784212
26;CONSOLACAO;1;Angélica;-23.55424596;-46.65803184
26;CONSOLACAO;1;Angélica;-23.55431301;-46.65757896
26;CONSOLACAO;1;Angélica;-23.55421896;-46.66399596
26;CONSOLACAO;1;Angélica;-23.55310701;-46.661994
26;CONSOLACAO;1;Angélica;-23.55463503;-46.662939
26;CONSOLACAO;1;Angélica;-23.55084198;-46.65633588
26;CONSOLACAO;1;Angélica;-23.54951601;-46.65825108
26;CONSOLACAO;1;Angélica;-23.54940396;-46.65759912
26;CONSOLACAO;1;Angélica;-23.54839002;-46.657008
26;CONSOLACAO;1;Angélica;-23.54899797;-46.654092
26;CONSOLACAO;1;Angélica;-23.54785398;-46.65844116
26;CONSOLACAO;1;Angélica;-23.54747904;-46.65827988
26;CONSOLACAO;2;Angélica;-23.54529204;-46.65381588
26;CONSOLACAO;2;Angélica;-23.54545404;-46.65245904
26;CONSOLACAO;2;Angélica;-23.54591304;-46.65403296
26;CONSOLACAO;2;Angélica;-23.546556;-46.65344616
26;CONSOLACAO;2;Angélica;-23.546556;-46.65444696
26;CONSOLACAO;2;Angélica;-23.54703399;-46.65467988
26;CONSOLACAO;2;Angélica;-23.54756904;-46.65491784
26;CONSOLACAO;2;Angélica;-23.54710698;-46.65695112
26;CONSOLACAO;2;Angélica;-23.54778801;-46.65762288
26;CONSOLACAO;2;Angélica;-23.54710698;-46.66016988
26;CONSOLACAO;2;Angélica;-23.54923404;-46.65753108
26;CONSOLACAO;2;Angélica;-23.54911299;-46.65689388
26;CONSOLACAO;2;Angélica;-23.54861403;-46.65646512
26;CONSOLACAO;2;Angélica;-23.54866704;-46.65429
26;CONSOLACAO;2;Angélica;-23.54997798;-46.65840984
26;CONSOLACAO;2;Angélica;-23.55095997;-46.65652704
26;CONSOLACAO;2;Angélica;-23.55291603;-46.66224384
26;CONSOLACAO;2;Angélica;-23.55386004;-46.66271616
26;CONSOLACAO;2;Angélica;-23.55518403;-46.65813804
26;CONSOLACAO;2;Angélica;-23.55597099;-46.65726612
26;CONSOLACAO;1;Angélica;-23.55745302;-46.65861108
26;CONSOLACAO;0;Angélica;-23.54651298;-46.65754584
26;CONSOLACAO;1;Angelica;-23.545473;-46.660085
26;CONSOLACAO;1;Angelica;-23.545193;-46.659614
26;CONSOLACAO;1;Angelica;-23.545778;-46.659222
26;CONSOLACAO;1;Angelica;-23.546521;-46.658358
26;CONSOLACAO;2;Angelica;-23.544833;-46.659421
26;CONSOLACAO;2;Angelica;-23.545365;-46.658026
31;GUAIANASES;1;Guaianases;-23.54292297;-46.41497784
31;GUAIANASES;1;Guaianases;-23.54332698;-46.41312312
31;GUAIANASES;2;Guaianases;-23.54295096;-46.41487416
31;GUAIANASES;2;Guaianases;-23.54336001;-46.41304284
32;MOEMA;2;VilaClementino;-23.59756998;-46.654785
32;MOEMA;2;VilaClementino;-23.597874;-46.651365
32;MOEMA;2;VilaClementino;-23.597676;-46.65419316
32;MOEMA;2;VilaClementino;-23.59788696;-46.65168216
32;MOEMA;1;Moema;-23.60269701;-46.65767904
32;MOEMA;1;Moema;-23.60419803;-46.65700692
32;MOEMA;1;Moema;-23.60507301;-46.65650904
32;MOEMA;1;Moema;-23.60441601;-46.66016484
32;MOEMA;1;Moema;-23.60362599;-46.65942
32;MOEMA;1;Moema;-23.60264697;-46.66004784
32;MOEMA;1;Moema;-23.60477799;-46.65975588
32;MOEMA;1;Moema;-23.606172;-46.65968316
32;MOEMA;1;Moema;-23.60646702;-46.65936096
32;MOEMA;1;Moema;-23.60694897;-46.66110084
32;MOEMA;1;Moema;-23.60670804;-46.66243212
32;MOEMA;1;Moema;-23.60953503;-46.65955104
32;MOEMA;1;Moema;-23.60812797;-46.663704
32;MOEMA;1;Moema;-23.60710998;-46.66374792
32;MOEMA;1;Moema;-23.60715003;-46.66424508
32;MOEMA;1;Moema;-23.60768598;-46.664757
32;MOEMA;1;Moema;-23.60887902;-46.664406
32;MOEMA;1;Moema;-23.61108996;-46.664523
32;MOEMA;2;Moema;-23.60154501;-46.66084596
32;MOEMA;1;Moema;-23.60081502;-46.66531284
32;MOEMA;1;Moema;-23.60015802;-46.66718484
32;MOEMA;1;Moema;-23.60125701;-46.66816512
32;MOEMA;1;Moema;-23.60108304;-46.66949496
32;MOEMA;1;Moema;-23.60364201;-46.66450896
32;MOEMA;1;Moema;-23.60523699;-46.66421592
32;MOEMA;1;Moema;-23.60318697;-46.66583988
32;MOEMA;2;Moema;-23.606028;-46.66497696
32;MOEMA;1;Moema;-23.60427903;-46.669554
32;MOEMA;1;Moema;-23.60497599;-46.66980312
32;MOEMA;1;Moema;-23.60552499;-46.67073912
32;MOEMA;1;Moema;-23.60359503;-46.67043204
32;MOEMA;1;Moema;-23.605713;-46.67243616
32;MOEMA;1;Moema;-23.60769597;-46.67051916
32;MOEMA;1;Moema;-23.606838;-46.66921812
32;MOEMA;1;Moema;-23.60867499;-46.67101704
32;MOEMA;1;Moema;-23.60891601;-46.668969
32;MOEMA;1;Moema;-23.60851902;-46.66201812
32;MOEMA;1;Moema;-23.60864799;-46.66521996
32;MOEMA;2;Moema;-23.60258199;-46.65779604
32;MOEMA;2;Moema;-23.60396196;-46.65548484
32;MOEMA;2;Moema;-23.60479302;-46.65686004
32;MOEMA;2;Moema;-23.60351997;-46.65839616
32;MOEMA;2;Moema;-23.60614698;-46.65791304
32;MOEMA;2;Moema;-23.60432403;-46.66091112
32;MOEMA;2;Moema;-23.60681703;-46.658601
32;MOEMA;2;Moema;-23.60724498;-46.65832308
32;MOEMA;2;Moema;-23.60548998;-46.66129092
32;MOEMA;2;Moema;-23.60750004;-46.66037004
32;MOEMA;2;Moema;-23.60876004;-46.66056012
32;MOEMA;2;Moema;-23.60933604;-46.66083804
32;MOEMA;2;Moema;-23.60969802;-46.65939012
32;MOEMA;2;Moema;-23.60658897;-46.66259304
32;MOEMA;2;Moema;-23.60731698;-46.66292496
32;MOEMA;2;Moema;-23.60742003;-46.66390884
32;MOEMA;2;Moema;-23.60758104;-46.66414284
32;MOEMA;2;Moema;-23.60870604;-46.66423104
32;MOEMA;2;Moema;-23.61079701;-46.66484484
32;MOEMA;1;Moema;-23.61150702;-46.66333896
32;MOEMA;2;Moema;-23.61080997;-46.66769712
32;MOEMA;2;Moema;-23.60108799;-46.66507884
32;MOEMA;2;Moema;-23.60003004;-46.66702392
32;MOEMA;2;Moema;-23.60288403;-46.66553316
32;MOEMA;2;Moema;-23.60349999;-46.66469904
32;MOEMA;2;Moema;-23.60276298;-46.66730184
32;MOEMA;2;Moema;-23.60146401;-46.66898412
32;MOEMA;2;Moema;-23.60385603;-46.66820904
32;MOEMA;2;Moema;-23.60444598;-46.66698
32;MOEMA;2;Moema;-23.60495502;-46.66875012
32;MOEMA;2;Moema;-23.60561103;-46.66895496
32;MOEMA;2;Moema;-23.60377503;-46.670256
32;MOEMA;2;Moema;-23.60557098;-46.67226012
32;MOEMA;2;Moema;-23.60703204;-46.67062212
32;MOEMA;2;Moema;-23.60736396;-46.66917384
32;MOEMA;2;Moema;-23.60881098;-46.67116284
32;MOEMA;2;Moema;-23.60528604;-46.674585
32;MOEMA;2;Moema;-23.60129004;-46.673415
32;MOEMA;2;Moema;-23.60589102;-46.66578912
32;MOEMA;1;VilaOlimpia;-23.59484802;-46.67209704
32;MOEMA;1;VilaOlimpia;-23.59464696;-46.67157108
32;MOEMA;2;VilaOlimpia;-23.59487502;-46.67139504
32;MOEMA;2;VilaOlimpia;-23.59554498;-46.670562
32;MOEMA;2;VilaOlimpia;-23.59478097;-46.66930416
32;MOEMA;1;VilaOlimpia;-23.59531701;-46.668222
32;MOEMA;2;DantePazzanese;-23.58524403;-46.65128004
32;MOEMA;2;DantePazzanese;-23.58567297;-46.65053412
32;MOEMA;2;Ibirapuera;-23.58832698;-46.65369888
32;MOEMA;4;Ibirapuera;-23.58593901;-46.65580704
32;MOEMA;4;Ibirapuera;-23.58658701;-46.655334
32;MOEMA;4;Ibirapuera;-23.587083;-46.65453012
32;MOEMA;4;Ibirapuera;-23.58791298;-46.65517308
32;MOEMA;4;Ibirapuera;-23.58824796;-46.65281904
32;MOEMA;4;Ibirapuera;-23.58840996;-46.65364812
32;MOEMA;4;Ibirapuera;-23.58944199;-46.65283092
32;MOEMA;6;Ibirapuera;-23.58837999;-46.65875112
32;MOEMA;5;Ibirapuera;-23.59026999;-46.66289616
32;MOEMA;2;MOEMA;-23.603553;-46.66116384
32;MOEMA;1;VilaClementino;-23.597572;-46.655058
32;MOEMA;3;Ibirapuera;-23.586547;-46.655612
32;MOEMA;3;Ibirapuera;-23.587168;-46.65438
32;MOEMA;8;Ibirapuera;-23.586667;-46.658273
32;MOEMA;3;Ibirapuera;-23.586;-46.655899
32;MOEMA;2;Ibirapuera;-23.587472;-46.653664
32;MOEMA;1;Ibirapuera;-23.589747;-46.653484
32;MOEMA;2;Ibirapuera;-23.588327;-46.653699
32;MOEMA;2;Ibirapuera;-23.587775;-46.656922
32;MOEMA;4;Ibirapuera;-23.588894;-46.658275
32;MOEMA;3;Ibirapuera;-23.590686;-46.662634
34;IPIRANGA;1;Ipiranga;-23.59117404;-46.60112412
34;IPIRANGA;1;Ipiranga;-23.59457802;-46.60083216
34;IPIRANGA;1;Ipiranga;-23.596641;-46.60061184
34;IPIRANGA;1;Ipiranga;-23.59673496;-46.60107984
34;IPIRANGA;1;Ipiranga;-23.59778004;-46.60036308
34;IPIRANGA;1;Ipiranga;-23.59818198;-46.60141608
34;IPIRANGA;1;Ipiranga;-23.59885203;-46.60089012
34;IPIRANGA;1;Ipiranga;-23.59870398;-46.60039296
34;IPIRANGA;2;Ipiranga;-23.58919899;-46.60135812
34;IPIRANGA;2;Ipiranga;-23.59293903;-46.60099992
34;IPIRANGA;2;Ipiranga;-23.59442997;-46.60085412
34;IPIRANGA;2;Ipiranga;-23.59544904;-46.60076592
34;IPIRANGA;2;Ipiranga;-23.59645299;-46.60065612
34;IPIRANGA;2;Ipiranga;-23.59816902;-46.60156296
34;IPIRANGA;2;Ipiranga;-23.59814202;-46.60048116
34;IPIRANGA;2;Ipiranga;-23.59891197;-46.60112412
34;IPIRANGA;2;Ipiranga;-23.60034603;-46.60183404
34;IPIRANGA;2;Ipiranga;-23.60107602;-46.60145316
34;IPIRANGA;2;Ipiranga;-23.60144502;-46.60143912
35;ITAIM BIBI;2;EngLuizCarlosBerrini;-23.60016702;-46.68890508
35;ITAIM BIBI;1;EngLuizCarlosBerrini;-23.60130804;-46.69170084
35;ITAIM BIBI;1;EngLuizCarlosBerrini;-23.60112696;-46.69322904
35;ITAIM BIBI;1;EngLuizCarlosBerrini;-23.60064501;-46.69477092
35;ITAIM BIBI;1;EngLuizCarlosBerrini;-23.601195;-46.69495416
35;ITAIM BIBI;1;EngLuizCarlosBerrini;-23.60235303;-46.69217604
35;ITAIM BIBI;1;EngLuizCarlosBerrini;-23.602635;-46.69370388
35;ITAIM BIBI;1;EngLuizCarlosBerrini;-23.60353302;-46.69281216
35;ITAIM BIBI;1;EngLuizCarlosBerrini;-23.60492604;-46.69251984
35;ITAIM BIBI;1;EngLuizCarlosBerrini;-23.60549601;-46.69267392
35;ITAIM BIBI;2;EngLuizCarlosBerrini;-23.60527497;-46.69447896
35;ITAIM BIBI;1;EngLuizCarlosBerrini;-23.60482596;-46.69490304
35;ITAIM BIBI;1;EngLuizCarlosBerrini;-23.60510703;-46.69490304
35;ITAIM BIBI;1;EngLuizCarlosBerrini;-23.60682603;-46.69518816
35;ITAIM BIBI;1;EngLuizCarlosBerrini;-23.60676501;-46.69072812
35;ITAIM BIBI;1;EngLuizCarlosBerrini;-23.607405;-46.69227108
35;ITAIM BIBI;1;EngLuizCarlosBerrini;-23.60952603;-46.69420104
35;ITAIM BIBI;1;EngLuizCarlosBerrini;-23.61126798;-46.69420104
35;ITAIM BIBI;1;EngLuizCarlosBerrini;-23.61136203;-46.69386516
35;ITAIM BIBI;2;EngLuizCarlosBerrini;-23.60069001;-46.693053
35;ITAIM BIBI;2;EngLuizCarlosBerrini;-23.60120202;-46.69147404
35;ITAIM BIBI;2;EngLuizCarlosBerrini;-23.60068002;-46.69466184
35;ITAIM BIBI;2;EngLuizCarlosBerrini;-23.601222;-46.69483788
35;ITAIM BIBI;2;EngLuizCarlosBerrini;-23.60221398;-46.69210296
35;ITAIM BIBI;2;EngLuizCarlosBerrini;-23.60358099;-46.69077888
35;ITAIM BIBI;2;EngLuizCarlosBerrini;-23.603922;-46.69466184
35;ITAIM BIBI;2;EngLuizCarlosBerrini;-23.60434401;-46.69428204
35;ITAIM BIBI;2;EngLuizCarlosBerrini;-23.60514204;-46.69180992
35;ITAIM BIBI;2;EngLuizCarlosBerrini;-23.60535597;-46.69434108
35;ITAIM BIBI;2;EngLuizCarlosBerrini;-23.60664297;-46.69232184
35;ITAIM BIBI;2;EngLuizCarlosBerrini;-23.60719197;-46.69270992
35;ITAIM BIBI;2;EngLuizCarlosBerrini;-23.60619999;-46.69359516
35;ITAIM BIBI;2;EngLuizCarlosBerrini;-23.60721897;-46.69404084
35;ITAIM BIBI;2;EngLuizCarlosBerrini;-23.60924199;-46.69320708
35;ITAIM BIBI;2;EngLuizCarlosBerrini;-23.60955699;-46.69406892
35;ITAIM BIBI;2;EngLuizCarlosBerrini;-23.61098403;-46.69409088
35;ITAIM BIBI;2;EngLuizCarlosBerrini;-23.61139299;-46.69474212
35;ITAIM BIBI;2;EngLuizCarlosBerrini;-23.61046401;-46.69526304
35;ITAIM BIBI;2;EngLuizCarlosBerrini;-23.60947203;-46.69531308
35;ITAIM BIBI;1;Itaim;-23.58341199;-46.68633684
35;ITAIM BIBI;1;Itaim;-23.586282;-46.68672096
35;ITAIM BIBI;1;Itaim;-23.58793404;-46.68509592
35;ITAIM BIBI;1;Itaim;-23.58066303;-46.68081084
35;ITAIM BIBI;1;Itaim;-23.58116397;-46.68085584
35;ITAIM BIBI;1;Itaim;-23.58281601;-46.68174216
35;ITAIM BIBI;1;Itaim;-23.58395298;-46.68095916
35;ITAIM BIBI;1;Itaim;-23.58659403;-46.67965884
35;ITAIM BIBI;1;Itaim;-23.58758196;-46.67927508
35;ITAIM BIBI;1;Itaim;-23.58714897;-46.67744304
35;ITAIM BIBI;1;Itaim;-23.58670203;-46.67917104
35;ITAIM BIBI;1;Itaim;-23.58602496;-46.67934888
35;ITAIM BIBI;1;Itaim;-23.58556497;-46.677753
35;ITAIM BIBI;1;Itaim;-23.58683703;-46.67692608
35;ITAIM BIBI;1;Itaim;-23.58534798;-46.676763
35;ITAIM BIBI;1;Itaim;-23.58657999;-46.67531616
35;ITAIM BIBI;1;Itaim;-23.58483399;-46.67753196
35;ITAIM BIBI;1;Itaim;-23.584725;-46.67697
35;ITAIM BIBI;1;Itaim;-23.58397998;-46.67822604
35;ITAIM BIBI;1;Itaim;-23.58362799;-46.67691096
35;ITAIM BIBI;1;Itaim;-23.583141;-46.67813712
35;ITAIM BIBI;1;Itaim;-23.58105597;-46.67655708
35;ITAIM BIBI;1;Itaim;-23.58085302;-46.67437008
35;ITAIM BIBI;1;Itaim;-23.58212598;-46.67439996
35;ITAIM BIBI;1;Itaim;-23.58490104;-46.67314392
35;ITAIM BIBI;1;Itaim;-23.58333099;-46.67252292
35;ITAIM BIBI;1;Itaim;-23.58384498;-46.67135616
35;ITAIM BIBI;1;Itaim;-23.58499599;-46.67162112
35;ITAIM BIBI;1;Itaim;-23.58400797;-46.67986584
35;ITAIM BIBI;1;Itaim;-23.58386802;-46.67926608
35;ITAIM BIBI;2;Itaim;-23.58318204;-46.68420888
35;ITAIM BIBI;2;Itaim;-23.58758304;-46.68654312
35;ITAIM BIBI;2;Itaim;-23.58774504;-46.68515388
35;ITAIM BIBI;2;Itaim;-23.58798903;-46.68481512
35;ITAIM BIBI;2;Itaim;-23.58970803;-46.68530184
35;ITAIM BIBI;2;Itaim;-23.58928899;-46.68376608
35;ITAIM BIBI;2;Itaim;-23.58066798;-46.68324408
35;ITAIM BIBI;2;Itaim;-23.58108297;-46.68222888
35;ITAIM BIBI;2;Itaim;-23.58138096;-46.68191892
35;ITAIM BIBI;2;Itaim;-23.58181404;-46.68183
35;ITAIM BIBI;2;Itaim;-23.58219303;-46.681875
35;ITAIM BIBI;2;Itaim;-23.58236898;-46.68156396
35;ITAIM BIBI;2;Itaim;-23.58345204;-46.681092
35;ITAIM BIBI;2;Itaim;-23.58078498;-46.68116508
35;ITAIM BIBI;2;Itaim;-23.582979;-46.67894892
35;ITAIM BIBI;2;Itaim;-23.58273501;-46.67862384
35;ITAIM BIBI;2;Itaim;-23.58143496;-46.67797404
35;ITAIM BIBI;2;Itaim;-23.57995896;-46.67460588
35;ITAIM BIBI;2;Itaim;-23.58140796;-46.67419188
35;ITAIM BIBI;2;Itaim;-23.58282699;-46.676592
35;ITAIM BIBI;2;Itaim;-23.582574;-46.67576508
35;ITAIM BIBI;2;Itaim;-23.58400797;-46.67719104
35;ITAIM BIBI;2;Itaim;-23.58448101;-46.67763384
35;ITAIM BIBI;2;Itaim;-23.58572697;-46.67816592
35;ITAIM BIBI;2;Itaim;-23.58498204;-46.68027912
35;ITAIM BIBI;2;Itaim;-23.58687798;-46.68140592
35;ITAIM BIBI;2;Itaim;-23.58729801;-46.68086988
35;ITAIM BIBI;2;Itaim;-23.58667503;-46.67758992
35;ITAIM BIBI;2;Itaim;-23.58671598;-46.67592096
35;ITAIM BIBI;2;Itaim;-23.58678303;-46.67451696
35;ITAIM BIBI;2;Itaim;-23.58249102;-46.672641
35;ITAIM BIBI;2;Itaim;-23.58360099;-46.67331996
35;ITAIM BIBI;2;Itaim;-23.58345204;-46.67232996
35;ITAIM BIBI;2;Itaim;-23.58403497;-46.671813
35;ITAIM BIBI;2;Itaim;-23.58340704;-46.67804784
35;ITAIM BIBI;2;Itaim;-23.58199098;-46.67984712
35;ITAIM BIBI;2;Itaim;-23.58370701;-46.67930712
35;ITAIM BIBI;1;VilaOlimpia;-23.58864297;-46.67541696
35;ITAIM BIBI;1;VilaOlimpia;-23.59017099;-46.67361804
35;ITAIM BIBI;1;VilaOlimpia;-23.59089396;-46.67614812
35;ITAIM BIBI;1;VilaOlimpia;-23.59144404;-46.67815188
35;ITAIM BIBI;1;VilaOlimpia;-23.59421802;-46.67351616
35;ITAIM BIBI;1;VilaOlimpia;-23.59407096;-46.67666004
35;ITAIM BIBI;1;VilaOlimpia;-23.59500903;-46.67645484
35;ITAIM BIBI;1;VilaOlimpia;-23.59574496;-46.69097796
35;ITAIM BIBI;1;VilaOlimpia;-23.59550403;-46.68898896
35;ITAIM BIBI;1;VilaOlimpia;-23.59675098;-46.686312
35;ITAIM BIBI;1;VilaOlimpia;-23.60315601;-46.67651388
35;ITAIM BIBI;1;VilaOlimpia;-23.589207;-46.67396688
35;ITAIM BIBI;1;VilaOlimpia;-23.59585296;-46.68956784
35;ITAIM BIBI;1;VilaOlimpia;-23.59385802;-46.67466096
35;ITAIM BIBI;2;VilaOlimpia;-23.58872298;-46.67563584
35;ITAIM BIBI;2;VilaOlimpia;-23.59073304;-46.67396904
35;ITAIM BIBI;2;VilaOlimpia;-23.59177902;-46.675242
35;ITAIM BIBI;2;VilaOlimpia;-23.59097298;-46.67632992
35;ITAIM BIBI;2;VilaOlimpia;-23.59120203;-46.67734692
35;ITAIM BIBI;2;VilaOlimpia;-23.59428498;-46.67768316
35;ITAIM BIBI;2;VilaOlimpia;-23.59393704;-46.67500296
35;ITAIM BIBI;2;VilaOlimpia;-23.59435203;-46.67396904
35;ITAIM BIBI;2;VilaOlimpia;-23.59335996;-46.68613488
35;ITAIM BIBI;2;VilaOlimpia;-23.59356102;-46.68844608
35;ITAIM BIBI;2;VilaOlimpia;-23.59567899;-46.69121016
35;ITAIM BIBI;2;VilaOlimpia;-23.59747503;-46.68631092
35;ITAIM BIBI;2;VilaOlimpia;-23.59744803;-46.68487812
35;ITAIM BIBI;2;VilaOlimpia;-23.60117304;-46.68068088
35;ITAIM BIBI;2;VilaOlimpia;-23.60292804;-46.67690808
35;ITAIM BIBI;2;VilaOlimpia;-23.58915597;-46.67376096
35;ITAIM BIBI;2;VilaOlimpia;-23.58793404;-46.672794
35;ITAIM BIBI;2;EstadosUnidosII;-23.59245699;-46.687977
37;ITAQUERA;1;Itaquera;-23.53477698;-46.45514412
37;ITAQUERA;1;Itaquera;-23.53671999;-46.45379196
37;ITAQUERA;1;Itaquera;-23.53893804;-46.45495296
37;ITAQUERA;1;Itaquera;-23.539293;-46.45643688
37;ITAQUERA;1;Itaquera;-23.53938597;-46.456488
37;ITAQUERA;1;Itaquera;-23.54011596;-46.45658988
37;ITAQUERA;1;Itaquera;-23.53487598;-46.45521684
37;ITAQUERA;1;Itaquera;-23.53650201;-46.45415016
37;ITAQUERA;2;Itaquera;-23.53663602;-46.45438416
37;ITAQUERA;2;Itaquera;-23.53889403;-46.45502712
37;ITAQUERA;2;Itaquera;-23.539617;-46.45542888
37;ITAQUERA;2;Itaquera;-23.53934304;-46.45636416
37;ITAQUERA;2;Itaquera;-23.53946301;-46.456488
38;JABAQUARA;3;Conceicao;-23.63463603;-46.64234988
38;JABAQUARA;1;Conceicao;-23.63592897;-46.64051496
38;JABAQUARA;2;Conceicao;-23.63407299;-46.64067516
38;JABAQUARA;2;Conceicao;-23.63605002;-46.64069712
45;JARDIM PAULISTA;2;Lorena;-23.55926301;-46.66911516
45;JARDIM PAULISTA;2;Lorena;-23.56026804;-46.66943592
45;JARDIM PAULISTA;2;Lorena;-23.55989202;-46.66775508
45;JARDIM PAULISTA;2;Lorena;-23.56069698;-46.66692204
45;JARDIM PAULISTA;2;Lorena;-23.56172802;-46.667799
45;JARDIM PAULISTA;2;Lorena;-23.56209099;-46.66528404
45;JARDIM PAULISTA;2;Lorena;-23.56314903;-46.66638096
45;JARDIM PAULISTA;2;Lorena;-23.56308198;-46.66488984
45;JARDIM PAULISTA;2;Lorena;-23.56538598;-46.66385196
45;JARDIM PAULISTA;2;Lorena;-23.56538598;-46.66148388
45;JARDIM PAULISTA;2;Lorena;-23.56585497;-46.660095
45;JARDIM PAULISTA;2;Lorena;-23.56644501;-46.66260888
45;JARDIM PAULISTA;2;Lorena;-23.56689996;-46.66300416
45;JARDIM PAULISTA;2;Lorena;-23.56675299;-46.66234608
45;JARDIM PAULISTA;1;Augusta;-23.55864804;-46.66754916
45;JARDIM PAULISTA;1;Augusta;-23.55847398;-46.66582404
45;JARDIM PAULISTA;1;Augusta;-23.55975999;-46.66573584
45;JARDIM PAULISTA;1;Augusta;-23.55718797;-46.66537116
45;JARDIM PAULISTA;1;Augusta;-23.55658497;-46.66433292
45;JARDIM PAULISTA;1;Augusta;-23.56081902;-46.66453812
45;JARDIM PAULISTA;1;Augusta;-23.56154298;-46.66431888
45;JARDIM PAULISTA;1;Augusta;-23.56092603;-46.66303188
45;JARDIM PAULISTA;1;Augusta;-23.55945201;-46.66219884
45;JARDIM PAULISTA;1;Augusta;-23.56020297;-46.66132188
45;JARDIM PAULISTA;1;Augusta;-23.55913098;-46.65976992
45;JARDIM PAULISTA;1;Augusta;-23.56174296;-46.659627
45;JARDIM PAULISTA;1;Augusta;-23.55967899;-46.66444416
45;JARDIM PAULISTA;2;Augusta;-23.55835698;-46.66734396
45;JARDIM PAULISTA;2;Augusta;-23.55737904;-46.66515192
45;JARDIM PAULISTA;2;Augusta;-23.558598;-46.66567788
45;JARDIM PAULISTA;2;Augusta;-23.55961599;-46.665576
45;JARDIM PAULISTA;2;Augusta;-23.56138503;-46.66446504
45;JARDIM PAULISTA;2;Augusta;-23.562189;-46.66297392
45;JARDIM PAULISTA;2;Augusta;-23.56115598;-46.66284108
45;JARDIM PAULISTA;2;Augusta;-23.56074198;-46.66136616
45;JARDIM PAULISTA;2;Augusta;-23.56041996;-46.66116096
45;JARDIM PAULISTA;2;Augusta;-23.55936102;-46.65942216
45;JARDIM PAULISTA;2;Augusta;-23.56189398;-46.65943584
45;JARDIM PAULISTA;2;Augusta;-23.56470099;-46.661409
45;JARDIM PAULISTA;2;Augusta;-23.55959196;-46.66457016
45;JARDIM PAULISTA;1;EstadosUnidosI;-23.562414;-46.67035896
45;JARDIM PAULISTA;1;EstadosUnidosI;-23.562333;-46.66954104
45;JARDIM PAULISTA;1;EstadosUnidosI;-23.56327098;-46.66942404
45;JARDIM PAULISTA;1;EstadosUnidosI;-23.56493301;-46.66714308
45;JARDIM PAULISTA;1;EstadosUnidosI;-23.56558902;-46.66641192
45;JARDIM PAULISTA;1;EstadosUnidosI;-23.56648704;-46.66680684
45;JARDIM PAULISTA;1;EstadosUnidosI;-23.565897;-46.66552092
45;JARDIM PAULISTA;1;EstadosUnidosI;-23.56671501;-46.66462884
45;JARDIM PAULISTA;1;EstadosUnidosI;-23.567706;-46.66435092
45;JARDIM PAULISTA;2;EstadosUnidosI;-23.56908597;-46.663839
45;JARDIM PAULISTA;1;EstadosUnidosI;-23.56698204;-46.66623804
45;JARDIM PAULISTA;1;EstadosUnidosI;-23.56814799;-46.66478184
45;JARDIM PAULISTA;2;EstadosUnidosI;-23.56154901;-46.67133888
45;JARDIM PAULISTA;2;EstadosUnidosI;-23.56235298;-46.67220108
45;JARDIM PAULISTA;2;EstadosUnidosI;-23.56251399;-46.66980384
45;JARDIM PAULISTA;2;EstadosUnidosI;-23.56353198;-46.66962888
45;JARDIM PAULISTA;2;EstadosUnidosI;-23.56335801;-46.66888296
45;JARDIM PAULISTA;2;EstadosUnidosI;-23.56421598;-46.66793292
45;JARDIM PAULISTA;2;EstadosUnidosI;-23.56504596;-46.66701204
45;JARDIM PAULISTA;2;EstadosUnidosI;-23.56594398;-46.666296
45;JARDIM PAULISTA;2;EstadosUnidosI;-23.56664004;-46.66666104
45;JARDIM PAULISTA;2;EstadosUnidosI;-23.56634601;-46.66562316
45;JARDIM PAULISTA;1;EstadosUnidosI;-23.56580997;-46.66563792
45;JARDIM PAULISTA;2;EstadosUnidosI;-23.56769898;-46.66543308
45;JARDIM PAULISTA;2;EstadosUnidosI;-23.56779303;-46.66446792
45;JARDIM PAULISTA;2;EstadosUnidosI;-23.56827498;-46.66446792
45;JARDIM PAULISTA;2;EstadosUnidosI;-23.56682796;-46.66443912
45;JARDIM PAULISTA;2;EstadosUnidosI;-23.56922601;-46.66366404
45;JARDIM PAULISTA;2;EstadosUnidosI;-23.56832898;-46.662714
45;JARDIM PAULISTA;1;Pamplona;-23.56431597;-46.65467988
45;JARDIM PAULISTA;1;Pamplona;-23.56634196;-46.65617892
45;JARDIM PAULISTA;1;Pamplona;-23.56645599;-46.65628908
45;JARDIM PAULISTA;1;Pamplona;-23.56757496;-46.65505284
45;JARDIM PAULISTA;1;Pamplona;-23.56833897;-46.65533796
45;JARDIM PAULISTA;1;Pamplona;-23.56724097;-46.65755988
45;JARDIM PAULISTA;1;Pamplona;-23.56760196;-46.65816
45;JARDIM PAULISTA;1;Pamplona;-23.56899597;-46.65658104
45;JARDIM PAULISTA;1;Pamplona;-23.57159598;-46.65447612
45;JARDIM PAULISTA;1;Pamplona;-23.57142102;-46.655865
45;JARDIM PAULISTA;1;Pamplona;-23.56831296;-46.65798504
45;JARDIM PAULISTA;1;Pamplona;-23.56906302;-46.65931488
45;JARDIM PAULISTA;1;Pamplona;-23.571261;-46.65829212
45;JARDIM PAULISTA;1;Pamplona;-23.57229204;-46.65669804
45;JARDIM PAULISTA;1;Pamplona;-23.572962;-46.65738492
45;JARDIM PAULISTA;1;Pamplona;-23.57199702;-46.66143492
45;JARDIM PAULISTA;1;Pamplona;-23.572989;-46.65991392
45;JARDIM PAULISTA;1;Pamplona;-23.570919;-46.65260412
45;JARDIM PAULISTA;1;Pamplona;-23.57044002;-46.66055796
45;JARDIM PAULISTA;2;Pamplona;-23.56398999;-46.65438792
45;JARDIM PAULISTA;2;Pamplona;-23.56625502;-46.65603996
45;JARDIM PAULISTA;2;Pamplona;-23.56655004;-46.65829212
45;JARDIM PAULISTA;2;Pamplona;-23.56751403;-46.65830616
45;JARDIM PAULISTA;2;Pamplona;-23.56756803;-46.65783816
45;JARDIM PAULISTA;2;Pamplona;-23.56752798;-46.65719484
45;JARDIM PAULISTA;2;Pamplona;-23.56801002;-46.65833496
45;JARDIM PAULISTA;2;Pamplona;-23.56888104;-46.65674196
45;JARDIM PAULISTA;2;Pamplona;-23.56971201;-46.65640608
45;JARDIM PAULISTA;2;Pamplona;-23.57051697;-46.65549888
45;JARDIM PAULISTA;2;Pamplona;-23.57160201;-46.655631
45;JARDIM PAULISTA;2;Pamplona;-23.570235;-46.65706308
45;JARDIM PAULISTA;2;Pamplona;-23.56919001;-46.65943188
45;JARDIM PAULISTA;2;Pamplona;-23.57185698;-46.65713616
45;JARDIM PAULISTA;2;Pamplona;-23.57142804;-46.65814488
45;JARDIM PAULISTA;2;Pamplona;-23.57243298;-46.65647916
45;JARDIM PAULISTA;2;Pamplona;-23.57275401;-46.65716604
45;JARDIM PAULISTA;2;Pamplona;-23.57396001;-46.65738492
45;JARDIM PAULISTA;2;Pamplona;-23.571414;-46.66000212
45;JARDIM PAULISTA;2;Pamplona;-23.572728;-46.65963708
45;JARDIM PAULISTA;2;Pamplona;-23.57255304;-46.66029408
45;JARDIM PAULISTA;2;Pamplona;-23.57169597;-46.66123008
45;JARDIM PAULISTA;2;Pamplona;-23.57232597;-46.66182912
45;JARDIM PAULISTA;2;Pamplona;-23.57310897;-46.65976884
45;JARDIM PAULISTA;2;Pamplona;-23.57079804;-46.652751
45;JARDIM PAULISTA;3;Itaim;-23.58201699;-46.67007096
45;JARDIM PAULISTA;1;EstadosUnidosII;-23.55698097;-46.67618016
45;JARDIM PAULISTA;1;EstadosUnidosII;-23.55912396;-46.67561784
45;JARDIM PAULISTA;1;EstadosUnidosII;-23.55751098;-46.677123
45;JARDIM PAULISTA;1;EstadosUnidosII;-23.55721497;-46.67732784
45;JARDIM PAULISTA;1;EstadosUnidosII;-23.55779799;-46.67838696
45;JARDIM PAULISTA;1;EstadosUnidosII;-23.56174998;-46.67560992
45;JARDIM PAULISTA;1;EstadosUnidosII;-23.56014303;-46.678095
45;JARDIM PAULISTA;1;EstadosUnidosII;-23.559111;-46.67883984
45;JARDIM PAULISTA;1;EstadosUnidosII;-23.55960699;-46.67986296
45;JARDIM PAULISTA;1;EstadosUnidosII;-23.55781896;-46.68136992
45;JARDIM PAULISTA;2;EstadosUnidosII;-23.55769899;-46.68113916
45;JARDIM PAULISTA;2;EstadosUnidosII;-23.55843204;-46.67512788
45;JARDIM PAULISTA;2;EstadosUnidosII;-23.55943698;-46.67584392
45;JARDIM PAULISTA;2;EstadosUnidosII;-23.56037901;-46.67473584
45;JARDIM PAULISTA;2;EstadosUnidosII;-23.56052202;-46.67651604
45;JARDIM PAULISTA;2;EstadosUnidosII;-23.55961104;-46.67712984
45;JARDIM PAULISTA;2;EstadosUnidosII;-23.55819102;-46.67812416
45;JARDIM PAULISTA;2;EstadosUnidosII;-23.55931701;-46.67870808
45;JARDIM PAULISTA;2;EstadosUnidosII;-23.55978501;-46.67920596
45;JARDIM PAULISTA;2;EstadosUnidosII;-23.55831999;-46.68113484
45;JARDIM PAULISTA;2;EstadosUnidosII;-23.55814602;-46.68079896
45;JARDIM PAULISTA;2;EstadosUnidosII;-23.55764103;-46.67846292
45;JARDIM PAULISTA;1;EstadosUnidosII;-23.56134201;-46.67445684
45;JARDIM PAULISTA;2;Lorena;-23.56001298;-46.66991904
45;JARDIM PAULISTA;1;Lorena;-23.55896799;-46.66886712
45;JARDIM PAULISTA;2;Lorena;-23.56168797;-46.66804812
45;JARDIM PAULISTA;1;Lorena;-23.56077699;-46.66680504
45;JARDIM PAULISTA;1;Lorena;-23.56262604;-46.66695084
45;JARDIM PAULISTA;1;Lorena;-23.563899;-46.66769712
45;JARDIM PAULISTA;1;Lorena;-23.56377903;-46.66753584
45;JARDIM PAULISTA;1;Lorena;-23.563404;-46.66607388
45;JARDIM PAULISTA;1;Lorena;-23.56190298;-46.66553316
45;JARDIM PAULISTA;1;Lorena;-23.56266699;-46.66532904
45;JARDIM PAULISTA;1;Lorena;-23.56320303;-46.66475916
45;JARDIM PAULISTA;1;Lorena;-23.56265304;-46.66475916
45;JARDIM PAULISTA;1;Lorena;-23.56486398;-46.66507992
45;JARDIM PAULISTA;2;Lorena;-23.56492896;-46.66437792
45;JARDIM PAULISTA;1;Lorena;-23.56605702;-46.66399812
45;JARDIM PAULISTA;1;Lorena;-23.56572204;-46.66354488
45;JARDIM PAULISTA;1;Lorena;-23.56708797;-46.66319388
45;JARDIM PAULISTA;2;Lorena;-23.56689996;-46.66218588
45;JARDIM PAULISTA;2;Lorena;-23.56003899;-46.66822308
45;JARDIM PAULISTA;2;Pamplona;-23.57143299;-46.66099392
45;JARDIM PAULISTA;1;EstadosUnidosII;-23.55667902;-46.67638716
45;JARDIM PAULISTA;2;EstadosUnidosI;-23.561693;-46.670289
45;JARDIM PAULISTA;2;EstadosUnidosI;-23.561557;-46.670433
45;JARDIM PAULISTA;1;Pamplona;-23.567526;-46.653357
45;JARDIM PAULISTA;1;Pamplona;-23.568868;-46.651786
48;LAPA;1;Lapa;-23.51920599;-46.70385084
48;LAPA;1;Lapa;-23.52033198;-46.70439192
48;LAPA;1;Lapa;-23.520519;-46.70402688
48;LAPA;1;Lapa;-23.51917899;-46.70266716
48;LAPA;1;Lapa;-23.51913903;-46.70214084
48;LAPA;1;Lapa;-23.51956797;-46.70142516
48;LAPA;1;Lapa;-23.52278304;-46.70249184
48;LAPA;1;Lapa;-23.52364101;-46.70085492
48;LAPA;1;Lapa;-23.52447198;-46.70076816
48;LAPA;1;Lapa;-23.52514203;-46.70043192
48;LAPA;1;Lapa;-23.52669597;-46.70339904
48;LAPA;1;Lapa;-23.52228696;-46.70433396
48;LAPA;1;Lapa;-23.52026097;-46.70533296
48;LAPA;1;Lapa;-23.52147003;-46.70538588
48;LAPA;1;Lapa;-23.52239397;-46.70585388
48;LAPA;1;Lapa;-23.52315798;-46.70471412
48;LAPA;1;Lapa;-23.52351996;-46.70559108
48;LAPA;1;Lapa;-23.52394899;-46.70543016
48;LAPA;1;Lapa;-23.52413601;-46.70712504
48;LAPA;1;Lapa;-23.522904;-46.707228
48;LAPA;1;Lapa;-23.52467196;-46.70855712
48;LAPA;1;Lapa;-23.52480597;-46.71009216
48;LAPA;1;Lapa;-23.52569103;-46.70756316
48;LAPA;1;Lapa;-23.523534;-46.70329608
48;LAPA;2;Lapa;-23.51889702;-46.70370612
48;LAPA;2;Lapa;-23.51895696;-46.70222184
48;LAPA;2;Lapa;-23.51976903;-46.70325288
48;LAPA;2;Lapa;-23.51999601;-46.70323812
48;LAPA;2;Lapa;-23.52058596;-46.703808
48;LAPA;2;Lapa;-23.52045897;-46.70539416
48;LAPA;2;Lapa;-23.52207303;-46.70028612
48;LAPA;2;Lapa;-23.52299697;-46.70031492
48;LAPA;2;Lapa;-23.52362697;-46.70103096
48;LAPA;2;Lapa;-23.52366702;-46.70033004
48;LAPA;3;Lapa;-23.52396204;-46.70073792
48;LAPA;2;Lapa;-23.52354696;-46.70347104
48;LAPA;2;Lapa;-23.527701;-46.70336916
48;LAPA;2;Lapa;-23.52735198;-46.70360316
48;LAPA;2;Lapa;-23.52705804;-46.70353008
48;LAPA;2;Lapa;-23.52677598;-46.70307684
48;LAPA;2;Lapa;-23.52578499;-46.70794296
48;LAPA;2;Lapa;-23.52507498;-46.71076392
48;LAPA;2;Lapa;-23.524686;-46.70876196
48;LAPA;2;Lapa;-23.52354696;-46.70608788
48;LAPA;2;Lapa;-23.52305097;-46.70721288
48;LAPA;2;Lapa;-23.52239496;-46.70561988
48;LAPA;2;Lapa;-23.52220704;-46.70689104
48;LAPA;2;Lapa;-23.52148398;-46.70518212
48;LAPA;2;Lapa;-23.521095;-46.70738784
48;LAPA;2;Lapa;-23.51924604;-46.70480196
48;LAPA;2;Lapa;-23.52285;-46.70262396
48;LAPA;2;Lapa;-23.521797;-46.70191404
49;LIBERDADE;1;Liberdade;-23.55692499;-46.63400688
49;LIBERDADE;1;Liberdade;-23.55794397;-46.634994
49;LIBERDADE;1;Liberdade;-23.55782598;-46.63600416
49;LIBERDADE;2;Liberdade;-23.556771;-46.63395612
49;LIBERDADE;2;Liberdade;-23.55698502;-46.63531584
49;LIBERDADE;2;Liberdade;-23.55878097;-46.63519884
49;LIBERDADE;2;Liberdade;-23.55899499;-46.63361988
49;LIBERDADE;2;Liberdade;-23.55939999;-46.63263204
49;LIBERDADE;2;Liberdade;-23.558553;-46.63310796
49;LIBERDADE;2;Liberdade;-23.55785703;-46.63579788
49;LIBERDADE;2;CastroAlves;-23.566995;-46.639485
49;LIBERDADE;1;CastroAlves;-23.56668603;-46.63942704
49;LIBERDADE;4;CastroAlves;-23.56715502;-46.63888596
49;LIBERDADE;1;Aclimacao;-23.57638902;-46.62914112
49;LIBERDADE;1;Aclimacao;-23.57283402;-46.62991692
49;LIBERDADE;1;Aclimacao;-23.57313498;-46.62968292
49;LIBERDADE;2;Aclimacao;-23.57642898;-46.62890208
49;LIBERDADE;2;Aclimacao;-23.57334702;-46.63000404
53;MOOCA;1;Mooca;-23.55527304;-46.60450416
53;MOOCA;1;Mooca;-23.55761097;-46.60332084
53;MOOCA;1;Mooca;-23.55503004;-46.60258608
53;MOOCA;1;Mooca;-23.55510501;-46.60205616
53;MOOCA;1;Mooca;-23.55398199;-46.60240284
53;MOOCA;1;Mooca;-23.55519798;-46.60034184
53;MOOCA;1;Mooca;-23.55536601;-46.59979104
53;MOOCA;2;Mooca;-23.55618897;-46.59962796
53;MOOCA;1;Mooca;-23.55604002;-46.59675084
53;MOOCA;1;Mooca;-23.563296;-46.59063912
53;MOOCA;2;Mooca;-23.556357;-46.608054
53;MOOCA;2;Mooca;-23.55574;-46.604586
53;MOOCA;2;Mooca;-23.55632;-46.603035
53;MOOCA;2;Mooca;-23.557367;-46.603239
53;MOOCA;2;Mooca;-23.554674;-46.602445
53;MOOCA;2;Mooca;-23.55473;-46.601974
53;MOOCA;2;Mooca;-23.553309;-46.60226
53;MOOCA;2;Mooca;-23.555142;-46.599689
53;MOOCA;2;Mooca;-23.556021;-46.599913
53;MOOCA;2;Mooca;-23.556395;-46.599383
53;MOOCA;2;Mooca;-23.556619;-46.597812
53;MOOCA;2;Mooca;-23.563146;-46.590671
53;MOOCA;2;Mooca;-23.56425;-46.589732
53;MOOCA;2;Mooca;-23.555199;-46.600649
53;MOOCA;3;Mooca;-23.563449;-46.590462
56;PARI;1;Oriente;-23.53504698;-46.62052812
56;PARI;1;Oriente;-23.53318398;-46.61871516
56;PARI;1;Oriente;-23.53392198;-46.61776512
56;PARI;1;Oriente;-23.53527504;-46.61764812
56;PARI;1;Oriente;-23.53522203;-46.618803
56;PARI;2;Oriente;-23.534874;-46.62043992
56;PARI;2;Oriente;-23.53512798;-46.61764812
56;PARI;2;Oriente;-23.53366701;-46.61804304
56;PARI;2;Oriente;-23.53498002;-46.61878788
56;PARI;2;Oriente;-23.53339899;-46.61872992
56;PARI;1;SilvaTeles;-23.53241403;-46.61867196
56;PARI;1;SilvaTeles;-23.53404204;-46.61747388
56;PARI;1;SilvaTeles;-23.53527396;-46.61704296
56;PARI;1;SilvaTeles;-23.53284198;-46.61507016
56;PARI;1;SilvaTeles;-23.531814;-46.61549388
56;PARI;1;SilvaTeles;-23.53153302;-46.61528904
56;PARI;1;SilvaTeles;-23.53180104;-46.61502588
56;PARI;1;SilvaTeles;-23.53107699;-46.61353584
56;PARI;2;SilvaTeles;-23.53064796;-46.61265888
56;PARI;1;SilvaTeles;-23.53267197;-46.613448
56;PARI;1;SilvaTeles;-23.53087602;-46.61119692
56;PARI;2;SilvaTeles;-23.53168098;-46.61486316
56;PARI;2;SilvaTeles;-23.53101102;-46.61372304
56;PARI;2;SilvaTeles;-23.53113099;-46.61310888
56;PARI;2;SilvaTeles;-23.53178799;-46.61284608
56;PARI;2;SilvaTeles;-23.53193496;-46.61214408
56;PARI;2;SilvaTeles;-23.53077;-46.611063
56;PARI;2;SilvaTeles;-23.53138596;-46.61337204
56;PARI;2;SilvaTeles;-23.53221702;-46.614015
56;PARI;2;SilvaTeles;-23.53248504;-46.61442396
56;PARI;2;SilvaTeles;-23.53264596;-46.61473104
56;PARI;2;SilvaTeles;-23.53507101;-46.61721504
56;PARI;2;SilvaTeles;-23.53419999;-46.61774208
56;PARI;2;SilvaTeles;-23.53261896;-46.61876484
56;PARI;3;SilvaTeles;-23.53371696;-46.617552
56;PARI;2;SilvaTeles;-23.53322196;-46.61674812
56;PARI;2;SilvaTeles;-23.53052799;-46.61427708
56;PARI;2;SilvaTeles;-23.53208103;-46.61538984
56;PARI;1;Pari;-23.53187502;-46.62127692
56;PARI;1;Pari;-23.53247802;-46.62176688
56;PARI;1;Pari;-23.53342203;-46.622052
56;PARI;1;Pari;-23.53196799;-46.61843184
56;PARI;1;Pari;-23.53108104;-46.62242388
56;PARI;1;Pari;-23.53363803;-46.62214812
56;PARI;1;Pari;-23.53372803;-46.62184284
56;PARI;1;Pari;-23.53396302;-46.62089496
56;PARI;1;Pari;-23.53412898;-46.62137808
56;PARI;1;Pari;-23.52943296;-46.62196884
56;PARI;1;Pari;-23.53246497;-46.62193788
56;PARI;1;Pari;-23.53219497;-46.62280692
56;PARI;1;Pari;-23.53231602;-46.62245304
56;PARI;1;Pari;-23.53341996;-46.62281484
56;PARI;1;Pari;-23.53452498;-46.62349704
56;PARI;1;Pari;-23.53132602;-46.62261684
56;PARI;3;Pari;-23.52908601;-46.61943912
56;PARI;2;Pari;-23.53061997;-46.62027216
56;PARI;2;Pari;-23.53163004;-46.620162
56;PARI;2;Pari;-23.532039;-46.62131688
56;PARI;2;Pari;-23.53278897;-46.62051984
56;PARI;2;Pari;-23.53238199;-46.62173916
56;PARI;2;Pari;-23.53334499;-46.62203616
56;PARI;2;Pari;-23.53183398;-46.61841708
56;PARI;2;Pari;-23.531049;-46.62212616
56;PARI;2;Pari;-23.53360896;-46.62226692
56;PARI;2;Pari;-23.53400199;-46.62068796
56;PARI;2;Pari;-23.53376304;-46.62170208
56;PARI;2;Pari;-23.53432203;-46.62135108
56;PARI;2;Pari;-23.52940299;-46.62211788
56;PARI;2;Pari;-23.53241403;-46.62205416
56;PARI;2;Pari;-23.53216599;-46.62291708
56;PARI;2;Pari;-23.53434201;-46.62344196
56;PARI;2;Pari;-23.53327596;-46.62279288
56;PARI;2;Pari;-23.532192;-46.62243792
56;PARI;2;Pari;-23.53148298;-46.62209088
59;PENHA;1;Penha;-23.520591;-46.54742508
59;PENHA;1;Penha;-23.52101598;-46.54679616
59;PENHA;1;Penha;-23.521077;-46.54685412
59;PENHA;1;Penha;-23.52086604;-46.54644516
59;PENHA;1;Penha;-23.523606;-46.54670112
59;PENHA;1;Penha;-23.52436299;-46.54627704
59;PENHA;1;Penha;-23.525073;-46.54857888
59;PENHA;1;Penha;-23.52424896;-46.54919988
59;PENHA;1;Penha;-23.52364002;-46.54919988
59;PENHA;2;Penha;-23.52095703;-46.54694196
59;PENHA;2;Penha;-23.52083598;-46.54682496
59;PENHA;2;Penha;-23.52096999;-46.54640196
59;PENHA;2;Penha;-23.52375999;-46.549287
59;PENHA;2;Penha;-23.52428901;-46.54934604
59;PENHA;2;Penha;-23.52503304;-46.54868796
59;PENHA;2;Penha;-23.52620601;-46.54965996
59;PENHA;2;Penha;-23.52385404;-46.54716084
59;PENHA;2;Penha;-23.52430296;-46.54634292
59;PENHA;2;Penha;-23.52391398;-46.54633608
60;PERDIZES;1;Pompeia;-23.53614201;-46.686312
60;PERDIZES;1;Pompeia;-23.53686597;-46.68577884
60;PERDIZES;1;Pompeia;-23.53547898;-46.68445584
60;PERDIZES;2;Pompeia;-23.53620402;-46.68617304
60;PERDIZES;2;Pompeia;-23.53695399;-46.68586704
60;PERDIZES;2;Pompeia;-23.53552803;-46.68485796
60;PERDIZES;2;Perdizes;-23.53364199;-46.66701096
60;PERDIZES;2;Perdizes;-23.533461;-46.66790304
60;PERDIZES;2;Perdizes;-23.533155;-46.66907484
60;PERDIZES;1;Perdizes;-23.533515;-46.667387
62;PINHEIROS;3;Itaim;-23.58026496;-46.681515
62;PINHEIROS;1;CidadeJardim;-23.57159904;-46.69462908
62;PINHEIROS;1;CidadeJardim;-23.57354196;-46.69316712
62;PINHEIROS;1;CidadeJardim;-23.57430498;-46.68907392
62;PINHEIROS;1;CidadeJardim;-23.57492202;-46.68933708
62;PINHEIROS;1;CidadeJardim;-23.58029601;-46.686384
62;PINHEIROS;1;CidadeJardim;-23.582547;-46.68772896
62;PINHEIROS;2;CidadeJardim;-23.57935803;-46.68499512
62;PINHEIROS;2;CidadeJardim;-23.57705304;-46.68622308
62;PINHEIROS;2;CidadeJardim;-23.575365;-46.68747984
62;PINHEIROS;1;CidadeJardim;-23.57261802;-46.686735
62;PINHEIROS;1;CidadeJardim;-23.57324802;-46.68875208
62;PINHEIROS;2;CidadeJardim;-23.57225604;-46.68919092
62;PINHEIROS;2;CidadeJardim;-23.57147196;-46.69210008
62;PINHEIROS;2;CidadeJardim;-23.57232903;-46.69088688
62;PINHEIROS;2;CidadeJardim;-23.57368299;-46.69335684
62;PINHEIROS;2;CidadeJardim;-23.57340102;-46.69136892
62;PINHEIROS;2;CidadeJardim;-23.57295903;-46.68995088
62;PINHEIROS;2;CidadeJardim;-23.57354898;-46.68967296
62;PINHEIROS;2;CidadeJardim;-23.57407098;-46.68967296
62;PINHEIROS;2;CidadeJardim;-23.574447;-46.68930792
62;PINHEIROS;2;CidadeJardim;-23.57472798;-46.68900084
62;PINHEIROS;2;CidadeJardim;-23.575545;-46.69046316
62;PINHEIROS;2;CidadeJardim;-23.579793;-46.68642792
62;PINHEIROS;3;CidadeJardim;-23.58180297;-46.68642792
62;PINHEIROS;2;CidadeJardim;-23.57922996;-46.68477516
62;PINHEIROS;2;CidadeJardim;-23.57831898;-46.68593004
62;PINHEIROS;2;CidadeJardim;-23.57691201;-46.68594516
62;PINHEIROS;2;CidadeJardim;-23.57519697;-46.68278688
62;PINHEIROS;2;CidadeJardim;-23.576175;-46.68657408
62;PINHEIROS;2;CidadeJardim;-23.57563896;-46.68715908
62;PINHEIROS;2;CidadeJardim;-23.573736;-46.68827004
62;PINHEIROS;2;CidadeJardim;-23.57314704;-46.688562
62;PINHEIROS;2;CidadeJardim;-23.57230302;-46.68828408
62;PINHEIROS;2;CidadeJardim;-23.57234298;-46.68707088
62;PINHEIROS;2;CidadeJardim;-23.571981;-46.686969
62;PINHEIROS;3;CidadeJardim;-23.57235603;-46.68933708
62;PINHEIROS;1;FariaLima;-23.56644096;-46.69112592
62;PINHEIROS;2;FariaLima;-23.56737498;-46.70009712
62;PINHEIROS;2;FariaLima;-23.56725798;-46.69912404
62;PINHEIROS;2;FariaLima;-23.56725798;-46.69846596
62;PINHEIROS;2;FariaLima;-23.56523496;-46.70033796
62;PINHEIROS;2;FariaLima;-23.56463196;-46.69830612
62;PINHEIROS;2;FariaLima;-23.56831701;-46.69117092
62;PINHEIROS;2;FariaLima;-23.56794198;-46.69013304
62;PINHEIROS;2;FariaLima;-23.56918803;-46.69011792
62;PINHEIROS;2;FariaLima;-23.56909398;-46.68969384
62;PINHEIROS;2;FariaLima;-23.56571799;-46.69174296
62;PINHEIROS;2;FariaLima;-23.56659702;-46.69107696
62;PINHEIROS;1;Pinheiros;-23.56270704;-46.69193592
62;PINHEIROS;1;Pinheiros;-23.56326999;-46.69152696
62;PINHEIROS;1;Pinheiros;-23.562747;-46.69066512
62;PINHEIROS;1;Pinheiros;-23.56189002;-46.68848604
62;PINHEIROS;1;Pinheiros;-23.56186302;-46.68755112
62;PINHEIROS;1;Pinheiros;-23.56176897;-46.68494904
62;PINHEIROS;1;Pinheiros;-23.55898203;-46.68437808
62;PINHEIROS;1;Pinheiros;-23.56091199;-46.68287184
62;PINHEIROS;1;Pinheiros;-23.56021503;-46.68174684
62;PINHEIROS;1;Pinheiros;-23.56268004;-46.68164388
62;PINHEIROS;1;Pinheiros;-23.56202403;-46.68049008
62;PINHEIROS;1;Pinheiros;-23.56318998;-46.687536
62;PINHEIROS;1;Pinheiros;-23.56293501;-46.68684912
62;PINHEIROS;1;Pinheiros;-23.565267;-46.69015284
62;PINHEIROS;1;Pinheiros;-23.56481097;-46.688778
62;PINHEIROS;2;Pinheiros;-23.56615098;-46.68952392
62;PINHEIROS;1;Pinheiros;-23.56680699;-46.68905592
62;PINHEIROS;1;Pinheiros;-23.56678098;-46.686834
62;PINHEIROS;1;Pinheiros;-23.56687503;-46.68629292
62;PINHEIROS;1;Pinheiros;-23.56664697;-46.68567912
62;PINHEIROS;1;Pinheiros;-23.566419;-46.68515316
62;PINHEIROS;1;Pinheiros;-23.565816;-46.683648
62;PINHEIROS;1;Pinheiros;-23.56532001;-46.68253704
62;PINHEIROS;1;Pinheiros;-23.56361901;-46.68323796
62;PINHEIROS;1;Pinheiros;-23.56379298;-46.68621984
62;PINHEIROS;1;Pinheiros;-23.56415496;-46.68459804
62;PINHEIROS;1;Pinheiros;-23.56447599;-46.68056316
62;PINHEIROS;1;Pinheiros;-23.56406001;-46.67899896
62;PINHEIROS;1;Pinheiros;-23.56132401;-46.68752304
62;PINHEIROS;2;Pinheiros;-23.56245297;-46.69192116
62;PINHEIROS;2;Pinheiros;-23.56312302;-46.69162884
62;PINHEIROS;2;Pinheiros;-23.56190298;-46.69126308
62;PINHEIROS;2;Pinheiros;-23.56257303;-46.69076592
62;PINHEIROS;2;Pinheiros;-23.56394004;-46.68845688
62;PINHEIROS;2;Pinheiros;-23.56435602;-46.68955308
62;PINHEIROS;2;Pinheiros;-23.56438302;-46.68852996
62;PINHEIROS;2;Pinheiros;-23.56493202;-46.68914412
62;PINHEIROS;2;Pinheiros;-23.56498602;-46.68953796
62;PINHEIROS;2;Pinheiros;-23.56541397;-46.69009416
62;PINHEIROS;2;Pinheiros;-23.56603101;-46.68962616
62;PINHEIROS;2;Pinheiros;-23.56663401;-46.68920208
62;PINHEIROS;2;Pinheiros;-23.56205103;-46.68749208
62;PINHEIROS;2;Pinheiros;-23.56128702;-46.68620616
62;PINHEIROS;2;Pinheiros;-23.56152804;-46.68513804
62;PINHEIROS;2;Pinheiros;-23.55931701;-46.68402816
62;PINHEIROS;2;Pinheiros;-23.56037604;-46.681659
62;PINHEIROS;2;Pinheiros;-23.56113996;-46.68275592
62;PINHEIROS;2;Pinheiros;-23.562198;-46.68073884
62;PINHEIROS;2;Pinheiros;-23.56289496;-46.68110388
62;PINHEIROS;2;Pinheiros;-23.56412796;-46.68024204
62;PINHEIROS;2;Pinheiros;-23.56389999;-46.67911596
62;PINHEIROS;3;Pinheiros;-23.56454196;-46.68075108
62;PINHEIROS;2;Pinheiros;-23.56375302;-46.68309216
62;PINHEIROS;2;Pinheiros;-23.56561503;-46.68320916
62;PINHEIROS;2;Pinheiros;-23.56388604;-46.68480216
62;PINHEIROS;2;Pinheiros;-23.56483797;-46.68581088
62;PINHEIROS;2;Pinheiros;-23.56490502;-46.68642504
62;PINHEIROS;2;Pinheiros;-23.56540101;-46.68604488
62;PINHEIROS;2;Pinheiros;-23.56605702;-46.68698088
62;PINHEIROS;2;Pinheiros;-23.56682103;-46.68613308
62;PINHEIROS;2;Pinheiros;-23.56669998;-46.685826
62;PINHEIROS;0;FariaLima;-23.564712;-46.697969
62;PINHEIROS;0;FariaLima;-23.567687;-46.700133
62;PINHEIROS;0;FariaLima;-23.567513;-46.699139
62;PINHEIROS;0;FariaLima;-23.567513;-46.698452
62;PINHEIROS;0;FariaLima;-23.566843;-46.696668
62;PINHEIROS;0;FariaLima;-23.567794;-46.695776
62;PINHEIROS;0;FariaLima;-23.565784;-46.691623
62;PINHEIROS;0;FariaLima;-23.566441;-46.691126
62;PINHEIROS;0;FariaLima;-23.567888;-46.691068
62;PINHEIROS;0;FariaLima;-23.569349;-46.690878
62;PINHEIROS;0;FariaLima;-23.567031;-46.686696
62;PINHEIROS;0;FariaLima;-23.566696;-46.687793
66;REPUBLICA;1;Republica;-23.54356197;-46.64675592
66;REPUBLICA;1;Republica;-23.54398101;-46.64586816
66;REPUBLICA;1;Republica;-23.54451201;-46.64577312
66;REPUBLICA;1;Republica;-23.54453703;-46.646325
66;REPUBLICA;1;Republica;-23.54530203;-46.64495196
66;REPUBLICA;1;Republica;-23.54559804;-46.64543688
66;REPUBLICA;1;Republica;-23.54293197;-46.64527488
66;REPUBLICA;1;Republica;-23.54127804;-46.64631204
66;REPUBLICA;1;Republica;-23.54062401;-46.64565216
66;REPUBLICA;1;Republica;-23.542389;-46.64441304
66;REPUBLICA;1;Republica;-23.54288301;-46.64398284
66;REPUBLICA;1;Republica;-23.54267304;-46.64190888
66;REPUBLICA;1;Republica;-23.541768;-46.64527992
66;REPUBLICA;1;Republica;-23.54455098;-46.64490516
66;REPUBLICA;3;Republica;-23.54031603;-46.64473704
66;REPUBLICA;2;Republica;-23.54021703;-46.64444004
66;REPUBLICA;2;Republica;-23.54080896;-46.64345796
66;REPUBLICA;2;Republica;-23.54269797;-46.64489796
66;REPUBLICA;2;Republica;-23.54583303;-46.64266308
66;REPUBLICA;2;Republica;-23.542587;-46.64675592
66;REPUBLICA;2;Republica;-23.54345604;-46.64677716
66;REPUBLICA;2;Republica;-23.54400603;-46.64526192
66;REPUBLICA;2;Republica;-23.54451201;-46.64617704
66;REPUBLICA;2;Republica;-23.54453703;-46.64520792
66;REPUBLICA;2;Republica;-23.54491899;-46.64536884
66;REPUBLICA;2;Republica;-23.54598099;-46.64504592
66;REPUBLICA;2;Republica;-23.54556096;-46.64631204
66;REPUBLICA;2;Republica;-23.54569704;-46.64647296
66;REPUBLICA;2;Republica;-23.54483304;-46.64691684
66;REPUBLICA;3;Republica;-23.54187096;-46.64145204
66;REPUBLICA;2;Republica;-23.54309604;-46.64432988
66;REPUBLICA;1;SantaIfigenia;-23.53541904;-46.63905012
66;REPUBLICA;1;SantaIfigenia;-23.53620798;-46.63708812
66;REPUBLICA;1;SantaIfigenia;-23.53717404;-46.63766808
66;REPUBLICA;1;SantaIfigenia;-23.53798899;-46.63675008
66;REPUBLICA;1;SantaIfigenia;-23.53712103;-46.63994904
66;REPUBLICA;1;SantaIfigenia;-23.53717404;-46.63935
66;REPUBLICA;1;SantaIfigenia;-23.53780296;-46.63852812
66;REPUBLICA;1;SantaIfigenia;-23.53897296;-46.63764792
66;REPUBLICA;1;SantaIfigenia;-23.54021397;-46.63924308
66;REPUBLICA;2;SantaIfigenia;-23.53953996;-46.63685592
66;REPUBLICA;1;SantaIfigenia;-23.53702401;-46.637919
66;REPUBLICA;1;SantaIfigenia;-23.53931298;-46.63747116
66;REPUBLICA;1;SantaIfigenia;-23.53983102;-46.63613016
66;REPUBLICA;1;SantaIfigenia;-23.53903803;-46.63908684
66;REPUBLICA;1;SantaIfigenia;-23.54250303;-46.63774908
66;REPUBLICA;2;SantaIfigenia;-23.53618998;-46.64010384
66;REPUBLICA;2;SantaIfigenia;-23.536314;-46.63972692
66;REPUBLICA;2;SantaIfigenia;-23.53711203;-46.63920492
66;REPUBLICA;2;SantaIfigenia;-23.53765203;-46.63891512
66;REPUBLICA;2;SantaIfigenia;-23.53708503;-46.63802592
66;REPUBLICA;2;SantaIfigenia;-23.53636701;-46.63711692
66;REPUBLICA;2;SantaIfigenia;-23.53798899;-46.636218
66;REPUBLICA;2;SantaIfigenia;-23.53854699;-46.63682712
66;REPUBLICA;2;SantaIfigenia;-23.53732398;-46.63755216
66;REPUBLICA;2;SantaIfigenia;-23.53792698;-46.63846116
66;REPUBLICA;2;SantaIfigenia;-23.53884003;-46.63777392
66;REPUBLICA;2;SantaIfigenia;-23.53698099;-46.641168
66;REPUBLICA;2;SantaIfigenia;-23.53998402;-46.63900512
66;REPUBLICA;2;SantaIfigenia;-23.53943304;-46.63760112
66;REPUBLICA;2;SantaIfigenia;-23.54062797;-46.63670112
66;REPUBLICA;2;SantaIfigenia;-23.539131;-46.63922112
66;REPUBLICA;2;SantaIfigenia;-23.54244903;-46.63764108
66;REPUBLICA;1;FlorencioAbreu;-23.54023701;-46.63572192
66;REPUBLICA;2;FlorencioAbreu;-23.53924602;-46.63521612
66;REPUBLICA;2;FlorencioAbreu;-23.54013999;-46.6362
66;REPUBLICA;2;FlorencioAbreu;-23.54036103;-46.635597
66;REPUBLICA;2;FlorencioAbreu;-23.54178204;-46.63484496
66;REPUBLICA;2;FlorencioAbreu;-23.54269698;-46.63664388
66;REPUBLICA;1;BelaVista;-23.54902002;-46.64619396
66;REPUBLICA;1;BelaVista;-23.547573;-46.64552112
66;REPUBLICA;1;BelaVista;-23.54778702;-46.64560896
66;REPUBLICA;1;BelaVista;-23.54710401;-46.64568204
66;REPUBLICA;1;BelaVista;-23.54700996;-46.64550708
66;REPUBLICA;1;BelaVista;-23.54616603;-46.644498
66;REPUBLICA;1;BelaVista;-23.54793498;-46.64125296
66;REPUBLICA;1;BelaVista;-23.54855103;-46.64071188
66;REPUBLICA;1;BelaVista;-23.55129801;-46.64198412
66;REPUBLICA;1;BelaVista;-23.55163299;-46.640844
66;REPUBLICA;1;BelaVista;-23.55235596;-46.63863684
66;REPUBLICA;1;BelaVista;-23.55317397;-46.63946988
66;REPUBLICA;1;BelaVista;-23.55407397;-46.63960884
66;REPUBLICA;1;BelaVista;-23.55401403;-46.63946988
66;REPUBLICA;1;BelaVista;-23.55457698;-46.64020788
66;REPUBLICA;1;BelaVista;-23.54916996;-46.64573208
66;REPUBLICA;2;BelaVista;-23.54807403;-46.64556108
66;REPUBLICA;2;BelaVista;-23.54826204;-46.64521116
66;REPUBLICA;2;BelaVista;-23.54713596;-46.64502108
66;REPUBLICA;2;BelaVista;-23.54923998;-46.64616084
66;REPUBLICA;2;BelaVista;-23.54728302;-46.64430396
66;REPUBLICA;2;BelaVista;-23.54850297;-46.64181996
66;REPUBLICA;2;BelaVista;-23.54857299;-46.63988316
66;REPUBLICA;2;BelaVista;-23.54795298;-46.64104488
66;REPUBLICA;2;BelaVista;-23.55089796;-46.64355912
66;REPUBLICA;2;BelaVista;-23.55097599;-46.64204208
66;REPUBLICA;2;BelaVista;-23.55207399;-46.640844
66;REPUBLICA;2;BelaVista;-23.55294501;-46.64094588
66;REPUBLICA;2;BelaVista;-23.55437196;-46.64018592
66;REPUBLICA;2;BelaVista;-23.55506901;-46.64104812
66;REPUBLICA;2;BelaVista;-23.554305;-46.63897308
66;REPUBLICA;2;BelaVista;-23.55202701;-46.63952784
66;REPUBLICA;2;BelaVista;-23.55257898;-46.63869696
66;REPUBLICA;2;BelaVista;-23.55340599;-46.63954908
66;REPUBLICA;2;BelaVista;-23.55440301;-46.63965816
66;REPUBLICA;1;BelaVista;-23.54732;-46.638951
66;REPUBLICA;1;BelaVista;-23.547193;-46.638869
66;REPUBLICA;1;BelaVista;-23.546731;-46.638501
69;SANTA CECILIA;1;SantaCecilia;-23.53641102;-46.65196692
69;SANTA CECILIA;1;SantaCecilia;-23.53645701;-46.65274992
69;SANTA CECILIA;1;SantaCecilia;-23.53725504;-46.653111
69;SANTA CECILIA;1;SantaCecilia;-23.53840596;-46.64950488
69;SANTA CECILIA;1;SantaCecilia;-23.53929498;-46.65215412
69;SANTA CECILIA;1;SantaCecilia;-23.54148504;-46.64981484
69;SANTA CECILIA;1;SantaCecilia;-23.54022999;-46.65307392
69;SANTA CECILIA;1;SantaCecilia;-23.540013;-46.65424284
69;SANTA CECILIA;1;SantaCecilia;-23.541345;-46.65517884
69;SANTA CECILIA;1;SantaCecilia;-23.53592601;-46.64786292
69;SANTA CECILIA;2;SantaCecilia;-23.534721;-46.65975588
69;SANTA CECILIA;2;SantaCecilia;-23.53384296;-46.65702096
69;SANTA CECILIA;2;SantaCecilia;-23.53559904;-46.65311712
69;SANTA CECILIA;3;SantaCecilia;-23.536305;-46.65173688
69;SANTA CECILIA;2;SantaCecilia;-23.53734297;-46.65076704
69;SANTA CECILIA;2;SantaCecilia;-23.53864203;-46.64925
69;SANTA CECILIA;2;SantaCecilia;-23.536647;-46.65289284
69;SANTA CECILIA;2;SantaCecilia;-23.53705803;-46.65324096
69;SANTA CECILIA;2;SantaCecilia;-23.53738797;-46.65295512
69;SANTA CECILIA;2;SantaCecilia;-23.53961097;-46.65458412
69;SANTA CECILIA;2;SantaCecilia;-23.54005503;-46.65404988
69;SANTA CECILIA;2;SantaCecilia;-23.54032899;-46.65442284
69;SANTA CECILIA;2;SantaCecilia;-23.54038902;-46.65321
69;SANTA CECILIA;2;SantaCecilia;-23.53948902;-46.65230316
69;SANTA CECILIA;2;SantaCecilia;-23.54135301;-46.64975292
69;SANTA CECILIA;2;SantaCecilia;-23.54109597;-46.65508812
69;SANTA CECILIA;2;SantaCecilia;-23.53661802;-46.64959416
69;SANTA CECILIA;1;SantaIfigenia;-23.53383297;-46.64043216
70;SANTANA;1;Santana;-23.50010601;-46.62620604
70;SANTANA;1;Santana;-23.50104399;-46.62547488
70;SANTANA;1;Santana;-23.502384;-46.62700992
70;SANTANA;1;Santana;-23.50266597;-46.62752112
70;SANTANA;1;Santana;-23.50278603;-46.62794484
70;SANTANA;1;Santana;-23.50245096;-46.628793
70;SANTANA;1;Santana;-23.50245204;-46.62896184
70;SANTANA;1;Santana;-23.50368504;-46.62946512
70;SANTANA;1;Santana;-23.50355004;-46.62813492
70;SANTANA;1;Santana;-23.50380501;-46.627083
70;SANTANA;1;Santana;-23.50611099;-46.62603
70;SANTANA;1;Santana;-23.50675404;-46.62654192
70;SANTANA;1;Santana;-23.50199502;-46.62739404
70;SANTANA;2;Santana;-23.49990801;-46.62622116
70;SANTANA;2;Santana;-23.50135404;-46.62700308
70;SANTANA;2;Santana;-23.50104201;-46.62522684
70;SANTANA;2;Santana;-23.50613304;-46.62579996
70;SANTANA;2;Santana;-23.50527597;-46.62656388
70;SANTANA;2;Santana;-23.50361097;-46.62707616
70;SANTANA;2;Santana;-23.50298097;-46.627938
70;SANTANA;2;Santana;-23.50269297;-46.627704
70;SANTANA;2;Santana;-23.50264401;-46.62896508
70;SANTANA;2;Santana;-23.50251198;-46.62857412
70;SANTANA;2;Santana;-23.50197603;-46.62917316
70;SANTANA;1;Santana;-23.50503297;-46.62568512
71;SANTO AMARO;1;SantoAmaro;-23.65044201;-46.70646516
71;SANTO AMARO;1;SantoAmaro;-23.65783803;-46.70583696
71;SANTO AMARO;2;SantoAmaro;-23.65065603;-46.70634816
71;SANTO AMARO;2;SantoAmaro;-23.651982;-46.70580708
71;SANTO AMARO;2;SantoAmaro;-23.653269;-46.70422704
74;SAO MIGUEL;1;SaoMiguel;-23.49116397;-46.44120312
74;SAO MIGUEL;1;SaoMiguel;-23.49123102;-46.44194796
74;SAO MIGUEL;1;SaoMiguel;-23.49151902;-46.44237204
74;SAO MIGUEL;1;SaoMiguel;-23.49143802;-46.44357012
74;SAO MIGUEL;2;SaoMiguel;-23.49162603;-46.445886
74;SAO MIGUEL;1;SaoMiguel;-23.49388404;-46.443906
74;SAO MIGUEL;1;SaoMiguel;-23.49368298;-46.44101412
74;SAO MIGUEL;1;SaoMiguel;-23.49439902;-46.44048816
74;SAO MIGUEL;1;SaoMiguel;-23.49521001;-46.44047304
74;SAO MIGUEL;1;SaoMiguel;-23.49380997;-46.43939916
74;SAO MIGUEL;2;SaoMiguel;-23.49113697;-46.44189
74;SAO MIGUEL;2;SaoMiguel;-23.49173304;-46.442511
74;SAO MIGUEL;2;SaoMiguel;-23.49177399;-46.44182412
74;SAO MIGUEL;2;SaoMiguel;-23.492484;-46.44272988
74;SAO MIGUEL;2;SaoMiguel;-23.492115;-46.43915796
74;SAO MIGUEL;2;SaoMiguel;-23.49284499;-46.43859492
74;SAO MIGUEL;2;SaoMiguel;-23.49451404;-46.44056088
74;SAO MIGUEL;2;SaoMiguel;-23.49509697;-46.44042912
74;SAO MIGUEL;2;SaoMiguel;-23.49501597;-46.44162684
74;SAO MIGUEL;2;SaoMiguel;-23.49396396;-46.44406692
74;SAO MIGUEL;2;SaoMiguel;-23.49246699;-46.44528408
74;SAO MIGUEL;2;SaoMiguel;-23.49253404;-46.44539316
74;SAO MIGUEL;2;SaoMiguel;-23.49171297;-46.44577692
77;SAUDE;1;PracadaArvore;-23.60382003;-46.63829484
77;SAUDE;2;PracadaArvore;-23.60953296;-46.63839204
77;SAUDE;1;PracadaArvore;-23.61064599;-46.63837692
77;SAUDE;1;PracadaArvore;-23.61245598;-46.63823112
77;SAUDE;1;PracadaArvore;-23.61306996;-46.63828188
77;SAUDE;1;PracadaArvore;-23.62724001;-46.64308788
77;SAUDE;1;PracadaArvore;-23.628447;-46.64522412
77;SAUDE;1;PracadaArvore;-23.62035096;-46.63931292
77;SAUDE;2;PracadaArvore;-23.60384802;-46.63851588
77;SAUDE;2;PracadaArvore;-23.60898504;-46.63907892
77;SAUDE;2;PracadaArvore;-23.61003003;-46.63830384
77;SAUDE;2;PracadaArvore;-23.61110202;-46.63947384
77;SAUDE;2;PracadaArvore;-23.61261699;-46.63766016
77;SAUDE;2;PracadaArvore;-23.61078099;-46.63710396
77;SAUDE;2;PracadaArvore;-23.62676904;-46.63880208
77;SAUDE;2;PracadaArvore;-23.62706397;-46.64014704
77;SAUDE;2;PracadaArvore;-23.62684896;-46.64253096
77;SAUDE;2;PracadaArvore;-23.62666203;-46.64336508
77;SAUDE;2;PracadaArvore;-23.627439;-46.64351088
77;SAUDE;2;PracadaArvore;-23.62831002;-46.64495916
78;SE;2;Liberdade;-23.55004701;-46.63060884
78;SE;1;Liberdade;-23.55192999;-46.63021392
78;SE;1;Liberdade;-23.55236604;-46.63091592
78;SE;1;Liberdade;-23.55235902;-46.63272096
78;SE;2;Liberdade;-23.55310899;-46.63356912
78;SE;1;Liberdade;-23.55373602;-46.63536012
78;SE;1;Liberdade;-23.55602004;-46.634355
78;SE;1;Liberdade;-23.55525198;-46.63536984
78;SE;2;Liberdade;-23.54998203;-46.63037016
78;SE;2;Liberdade;-23.55214896;-46.63014084
78;SE;2;Liberdade;-23.55165297;-46.63103292
78;SE;2;Liberdade;-23.55233598;-46.63071108
78;SE;2;Liberdade;-23.55331896;-46.63380096
78;SE;3;Liberdade;-23.55406497;-46.63419012
78;SE;2;Liberdade;-23.554467;-46.63335708
78;SE;2;Liberdade;-23.554791;-46.63287
78;SE;2;Liberdade;-23.55638301;-46.633167
78;SE;2;Liberdade;-23.556222;-46.63538892
78;SE;2;Liberdade;-23.55580602;-46.63436904
78;SE;2;Liberdade;-23.55207201;-46.62878508
78;SE;1;FlorencioAbreu;-23.53719501;-46.63284912
78;SE;1;FlorencioAbreu;-23.538276;-46.63186488
78;SE;1;FlorencioAbreu;-23.538906;-46.63277388
78;SE;1;FlorencioAbreu;-23.54133204;-46.63299708
78;SE;1;FlorencioAbreu;-23.54540004;-46.63341396
78;SE;1;FlorencioAbreu;-23.5458;-46.63612512
78;SE;1;FlorencioAbreu;-23.54666904;-46.63657116
78;SE;4;FlorencioAbreu;-23.54788404;-46.63765908
78;SE;1;FlorencioAbreu;-23.54833701;-46.63745316
78;SE;1;FlorencioAbreu;-23.53827204;-46.62979704
78;SE;2;FlorencioAbreu;-23.53739796;-46.63283904
78;SE;2;FlorencioAbreu;-23.537628;-46.63273716
78;SE;2;FlorencioAbreu;-23.53817304;-46.63219896
78;SE;2;FlorencioAbreu;-23.53806198;-46.63100088
78;SE;2;FlorencioAbreu;-23.538573;-46.63188288
78;SE;2;FlorencioAbreu;-23.538888;-46.63053684
78;SE;2;FlorencioAbreu;-23.539509;-46.63087992
78;SE;2;FlorencioAbreu;-23.53876902;-46.63309896
78;SE;3;FlorencioAbreu;-23.53956903;-46.63347984
78;SE;2;FlorencioAbreu;-23.53978197;-46.63305288
78;SE;2;FlorencioAbreu;-23.54011398;-46.63057392
78;SE;2;FlorencioAbreu;-23.54068404;-46.63181808
78;SE;2;FlorencioAbreu;-23.54054004;-46.63110312
78;SE;2;FlorencioAbreu;-23.54231898;-46.63289484
78;SE;2;FlorencioAbreu;-23.54808897;-46.63801908
78;SE;2;FlorencioAbreu;-23.54293404;-46.63340892
78;SE;2;FlorencioAbreu;-23.53848597;-46.62951804
78;SE;1;VinteCincoMarco;-23.540427;-46.63059912
78;SE;1;VinteCincoMarco;-23.54276799;-46.63065996
78;SE;1;VinteCincoMarco;-23.54266701;-46.631034
78;SE;1;VinteCincoMarco;-23.54325102;-46.63050084
78;SE;1;VinteCincoMarco;-23.54420601;-46.630611
78;SE;1;VinteCincoMarco;-23.544396;-46.63239912
78;SE;1;VinteCincoMarco;-23.54441301;-46.632681
78;SE;1;VinteCincoMarco;-23.54481801;-46.63109916
78;SE;1;VinteCincoMarco;-23.54589;-46.632105
78;SE;1;VinteCincoMarco;-23.54177196;-46.63186308
78;SE;1;VinteCincoMarco;-23.54182497;-46.63068408
78;SE;1;VinteCincoMarco;-23.54465898;-46.63168704
78;SE;1;VinteCincoMarco;-23.54886801;-46.63142604
78;SE;1;VinteCincoMarco;-23.547942;-46.63149192
78;SE;2;VinteCincoMarco;-23.54161698;-46.63108296
78;SE;2;VinteCincoMarco;-23.54299803;-46.630746
78;SE;2;VinteCincoMarco;-23.54327298;-46.63037196
78;SE;2;VinteCincoMarco;-23.544099;-46.63073988
78;SE;2;VinteCincoMarco;-23.54449797;-46.63235016
78;SE;2;VinteCincoMarco;-23.54468598;-46.63099584
78;SE;2;VinteCincoMarco;-23.54497497;-46.63140696
78;SE;2;VinteCincoMarco;-23.54453703;-46.63168416
78;SE;2;VinteCincoMarco;-23.54899104;-46.63137492
78;SE;2;VinteCincoMarco;-23.54319099;-46.63110096
78;SE;2;Mercado;-23.54127003;-46.62904104
78;SE;6;Mercado;-23.54212098;-46.62980604
78;SE;2;Mercado;-23.54123403;-46.62915084
78;SE;4;Mercado;-23.54216004;-46.62949716
79;SOCORRO;1;Socorro;-23.66534799;-46.71222696
79;SOCORRO;1;Socorro;-23.66730396;-46.71286308
79;SOCORRO;2;Socorro;-23.66725698;-46.71265104
79;SOCORRO;2;Socorro;-23.66790003;-46.71282708
79;SOCORRO;2;Socorro;-23.66539299;-46.71230616
80;TATUAPE;1;Tatuape;-23.54200803;-46.57497192
80;TATUAPE;1;Tatuape;-23.54266998;-46.575171
80;TATUAPE;1;Tatuape;-23.54344803;-46.57498092
80;TATUAPE;1;Tatuape;-23.54465403;-46.57435308
80;TATUAPE;1;Tatuape;-23.54474799;-46.57286196
80;TATUAPE;1;Tatuape;-23.54517603;-46.57360716
80;TATUAPE;1;Tatuape;-23.54539104;-46.57452804
80;TATUAPE;1;Tatuape;-23.54591304;-46.57406004
80;TATUAPE;1;Tatuape;-23.546034;-46.57448412
80;TATUAPE;1;Tatuape;-23.54651604;-46.57430916
80;TATUAPE;1;Tatuape;-23.54670396;-46.57264308
80;TATUAPE;2;Tatuape;-23.54324697;-46.574703
80;TATUAPE;2;Tatuape;-23.544801;-46.57433796
80;TATUAPE;2;Tatuape;-23.544927;-46.57367988
80;TATUAPE;2;Tatuape;-23.54557797;-46.57451292
80;TATUAPE;2;Tatuape;-23.54607396;-46.57474692
80;TATUAPE;2;Tatuape;-23.54571198;-46.57302288
80;TATUAPE;2;Tatuape;-23.54598;-46.572993
80;TATUAPE;2;Tatuape;-23.54563197;-46.57270104
80;TATUAPE;2;Tatuape;-23.54701203;-46.57255488
80;TATUAPE;2;Tatuape;-23.547789;-46.57395816
80;TATUAPE;2;Tatuape;-23.54478804;-46.57302288
80;TATUAPE;2;Tatuape;-23.54589999;-46.57389984
80;TATUAPE;1;TatuapeII;-23.53144599;-46.56002004
80;TATUAPE;2;TatuapeII;-23.531301;-46.56001104
80;TATUAPE;3;TatuapeII;-23.53373496;-46.55963016
80;TATUAPE;3;Tatuape;-23.55260598;-46.566225
85;VILA FORMOSA;2;Tatuape;-23.55310899;-46.564794
85;VILA FORMOSA;1;VilaFormosa;-23.564538;-46.54591596
85;VILA FORMOSA;1;VilaFormosa;-23.56696296;-46.54413288
85;VILA FORMOSA;1;VilaFormosa;-23.56712397;-46.54194012
85;VILA FORMOSA;3;VilaFormosa;-23.567553;-46.54112112
85;VILA FORMOSA;1;VilaFormosa;-23.56840998;-46.54091592
85;VILA FORMOSA;1;VilaFormosa;-23.56837002;-46.54030212
85;VILA FORMOSA;2;VilaFormosa;-23.56482096;-46.54529496
85;VILA FORMOSA;2;VilaFormosa;-23.56478802;-46.54519992
85;VILA FORMOSA;2;VilaFormosa;-23.56567002;-46.54479384
85;VILA FORMOSA;2;VilaFormosa;-23.56713603;-46.54402308
85;VILA FORMOSA;2;VilaFormosa;-23.56613298;-46.54160388
85;VILA FORMOSA;2;VilaFormosa;-23.56657497;-46.54153008
85;VILA FORMOSA;2;VilaFormosa;-23.56755102;-46.54004688
85;VILA FORMOSA;2;VilaFormosa;-23.56803999;-46.54073412
85;VILA FORMOSA;2;VilaFormosa;-23.56819398;-46.54020708
85;VILA FORMOSA;2;VilaFormosa;-23.56890498;-46.54080684
90;VILA MARIANA;1;VilaClementino;-23.597649;-46.64907
90;VILA MARIANA;1;VilaClementino;-23.59644597;-46.64807496
90;VILA MARIANA;1;VilaClementino;-23.59645902;-46.64762712
90;VILA MARIANA;1;VilaClementino;-23.59828404;-46.64689092
90;VILA MARIANA;1;VilaClementino;-23.59714698;-46.64544912
90;VILA MARIANA;1;VilaClementino;-23.59676304;-46.64436588
90;VILA MARIANA;1;VilaClementino;-23.59640601;-46.64406312
90;VILA MARIANA;1;VilaClementino;-23.59850904;-46.64344284
90;VILA MARIANA;1;VilaClementino;-23.59898496;-46.64259108
90;VILA MARIANA;1;VilaClementino;-23.59727901;-46.64243304
90;VILA MARIANA;1;VilaClementino;-23.59690902;-46.64238912
90;VILA MARIANA;1;VilaClementino;-23.59559997;-46.64221596
90;VILA MARIANA;1;VilaClementino;-23.59700397;-46.641069
90;VILA MARIANA;1;VilaClementino;-23.59739997;-46.64075184
90;VILA MARIANA;1;VilaClementino;-23.59827297;-46.63896192
90;VILA MARIANA;1;VilaClementino;-23.59827297;-46.63858716
90;VILA MARIANA;1;VilaClementino;-23.59821996;-46.637433
90;VILA MARIANA;1;VilaClementino;-23.59724202;-46.63741788
90;VILA MARIANA;1;VilaClementino;-23.59825596;-46.64650104
90;VILA MARIANA;1;VilaClementino;-23.59878201;-46.64297196
90;VILA MARIANA;1;VilaClementino;-23.595444;-46.64933208
90;VILA MARIANA;1;VilaClementino;-23.59534698;-46.64530296
90;VILA MARIANA;1;VilaClementino;-23.59592802;-46.63867896
90;VILA MARIANA;1;VilaClementino;-23.59628496;-46.63932912
90;VILA MARIANA;2;VilaClementino;-23.59568997;-46.64147904
90;VILA MARIANA;1;VilaClementino;-23.59631403;-46.64941704
90;VILA MARIANA;2;VilaClementino;-23.59634004;-46.64866608
90;VILA MARIANA;2;VilaClementino;-23.59620801;-46.64758392
90;VILA MARIANA;2;VilaClementino;-23.59604898;-46.64622816
90;VILA MARIANA;2;VilaClementino;-23.596578;-46.64588112
90;VILA MARIANA;2;VilaClementino;-23.59645902;-46.64533284
90;VILA MARIANA;2;VilaClementino;-23.59661796;-46.64412108
90;VILA MARIANA;2;VilaClementino;-23.59599597;-46.64358684
90;VILA MARIANA;3;VilaClementino;-23.59716003;-46.64501604
90;VILA MARIANA;2;VilaClementino;-23.598297;-46.64624184
90;VILA MARIANA;2;VilaClementino;-23.59858797;-46.64251908
90;VILA MARIANA;2;VilaClementino;-23.59825704;-46.64163888
90;VILA MARIANA;2;VilaClementino;-23.59828404;-46.63937412
90;VILA MARIANA;1;VilaClementino;-23.59823103;-46.638162
90;VILA MARIANA;2;VilaClementino;-23.59747701;-46.63736784
90;VILA MARIANA;2;VilaClementino;-23.59665;-46.64233512
90;VILA MARIANA;2;VilaClementino;-23.596452;-46.64735712
90;VILA MARIANA;2;VilaClementino;-23.59493604;-46.64990592
90;VILA MARIANA;2;VilaClementino;-23.59563696;-46.64624112
90;VILA MARIANA;2;VilaClementino;-23.59549197;-46.64325384
90;VILA MARIANA;2;VilaClementino;-23.59566396;-46.64165184
90;VILA MARIANA;2;VilaClementino;-23.59583901;-46.63954116
90;VILA MARIANA;1;Tutoia;-23.58006003;-46.64979792
90;VILA MARIANA;2;Tutoia;-23.58036999;-46.650177
90;VILA MARIANA;4;Tutoia;-23.58010404;-46.64985012
90;VILA MARIANA;2;CambuciII;-23.57881002;-46.62424296
90;VILA MARIANA;2;CambuciII;-23.58012501;-46.62459504
90;VILA MARIANA;1;Paraiso;-23.56886997;-46.649331
90;VILA MARIANA;1;Paraiso;-23.57184501;-46.64876112
90;VILA MARIANA;1;Paraiso;-23.56999596;-46.65114396
90;VILA MARIANA;1;Paraiso;-23.57413596;-46.644345
90;VILA MARIANA;1;Paraiso;-23.57477901;-46.64395008
90;VILA MARIANA;2;Paraiso;-23.56810596;-46.64915604
90;VILA MARIANA;2;Paraiso;-23.57015598;-46.65095388
90;VILA MARIANA;2;Paraiso;-23.57057196;-46.65064716
90;VILA MARIANA;2;Paraiso;-23.57058501;-46.64997396
90;VILA MARIANA;2;Paraiso;-23.57041104;-46.64895084
90;VILA MARIANA;2;Paraiso;-23.57075898;-46.64630484
90;VILA MARIANA;2;Paraiso;-23.57267499;-46.64719584
90;VILA MARIANA;2;Paraiso;-23.572809;-46.64664108
90;VILA MARIANA;2;Paraiso;-23.57216604;-46.64443284
90;VILA MARIANA;2;Paraiso;-23.57378802;-46.64337984
90;VILA MARIANA;2;Paraiso;-23.57463204;-46.644111
90;VILA MARIANA;2;Paraiso;-23.57475201;-46.64373084
90;VILA MARIANA;2;Paraiso;-23.57495298;-46.64314692
90;VILA MARIANA;2;VilaMariana;-23.57882703;-46.64579616
90;VILA MARIANA;1;VilaMariana;-23.579163;-46.64461212
90;VILA MARIANA;1;VilaMariana;-23.57987301;-46.64294496
90;VILA MARIANA;1;VilaMariana;-23.57881398;-46.64135088
90;VILA MARIANA;1;VilaMariana;-23.57978004;-46.63973196
90;VILA MARIANA;1;VilaMariana;-23.58134802;-46.64087316
90;VILA MARIANA;1;VilaMariana;-23.58093303;-46.64041884
90;VILA MARIANA;1;VilaMariana;-23.58150903;-46.64365092
90;VILA MARIANA;1;VilaMariana;-23.58213903;-46.64106288
90;VILA MARIANA;1;VilaMariana;-23.58572202;-46.64084508
90;VILA MARIANA;2;VilaMariana;-23.57893404;-46.64595708
90;VILA MARIANA;2;VilaMariana;-23.57998002;-46.64586888
90;VILA MARIANA;2;VilaMariana;-23.579055;-46.64433384
90;VILA MARIANA;2;VilaMariana;-23.57967096;-46.64405592
90;VILA MARIANA;2;VilaMariana;-23.57885403;-46.64266704
90;VILA MARIANA;2;VilaMariana;-23.57953704;-46.64246184
90;VILA MARIANA;2;VilaMariana;-23.580234;-46.642887
90;VILA MARIANA;2;VilaMariana;-23.58044901;-46.64176092
90;VILA MARIANA;2;VilaMariana;-23.58160101;-46.64481696
90;VILA MARIANA;2;VilaMariana;-23.58141399;-46.64333988
90;VILA MARIANA;2;VilaMariana;-23.58191898;-46.64302596
90;VILA MARIANA;2;VilaMariana;-23.58156096;-46.64127816
90;VILA MARIANA;2;VilaMariana;-23.58207;-46.64069316
90;VILA MARIANA;2;VilaMariana;-23.58125298;-46.64025504
90;VILA MARIANA;2;VilaMariana;-23.57989902;-46.63991808
90;VILA MARIANA;2;VilaMariana;-23.58446796;-46.63838304
90;VILA MARIANA;2;VilaMariana;-23.58825597;-46.63512108
92;VILA MEDEIROS;1;VilaSabrina;-23.48854398;-46.57463892
92;VILA MEDEIROS;2;VilaSabrina;-23.49165204;-46.57434012
92;VILA MEDEIROS;3;VilaSabrina;-23.48952804;-46.573281
92;VILA MEDEIROS;2;VilaSabrina;-23.49011799;-46.57458816
92;VILA MEDEIROS;2;VilaSabrina;-23.49067401;-46.574325
92;VILA MEDEIROS;2;VilaSabrina;-23.49149103;-46.574946
92;VILA MEDEIROS;2;VilaSabrina;-23.49197397;-46.57398192
93;VILA PRUDENTE;1;VilaPrudente;-23.57831898;-46.57808988
93;VILA PRUDENTE;1;VilaPrudente;-23.57734104;-46.57709592
93;VILA PRUDENTE;1;VilaPrudente;-23.58089199;-46.583631
93;VILA PRUDENTE;1;VilaPrudente;-23.58174897;-46.58469804
93;VILA PRUDENTE;1;VilaPrudente;-23.58146799;-46.58472792
93;VILA PRUDENTE;1;VilaPrudente;-23.58294201;-46.58522508
93;VILA PRUDENTE;2;VilaPrudente;-23.57711298;-46.57721292
93;VILA PRUDENTE;1;VilaPrudente;-23.57850699;-46.57804596
93;VILA PRUDENTE;2;VilaPrudente;-23.58110601;-46.58367492
93;VILA PRUDENTE;2;VilaPrudente;-23.58177597;-46.58487408
93;VILA PRUDENTE;2;VilaPrudente;-23.58322299;-46.58512212
93;VILA PRUDENTE;1;VilaPrudente;-23.58204399;-46.58253588
93;VILA PRUDENTE;1;VilaPrudente;-23.58213201;-46.58249808